date,Day Type,Holiday,Moon Calendar,School Events,Rainfall_mm,Max_temp_celsius,Min_temp_celsius,Season,total_passengers
2022-04-01,4,0,0,0,0.0267456139761533,36.82211674962196,23.941575410862868,1.0,7216.0
2022-04-02,5,2,1,2,0.0243031375937401,36.34611075371498,23.785845657548407,1.0,5935.0
2022-04-03,6,0,2,2,0.022252491872801,36.41790817080283,23.501093752984104,1.0,6444.0
2022-04-04,0,0,3,0,0.1061927206756408,36.00742572717468,24.11072115553634,1.0,8967.0
2022-04-05,1,2,4,2,0.0304662234306094,35.53586602284287,23.64772124133532,1.0,7602.0
2022-04-06,2,0,5,1,0.7607131361356342,35.93633278224047,23.23276027088889,1.0,8795.0
2022-04-07,3,0,6,1,0.1830379023809251,36.19718993962477,23.94147344260904,1.0,8922.0
2022-04-08,4,0,7,1,0.0147019914493224,36.24068905123198,23.442623589305697,1.0,8309.0
2022-04-09,5,0,8,2,0.0384760381040104,35.858542819640206,23.371671063055032,1.0,7713.0
2022-04-10,6,2,9,1,0.0058773192342823,35.84292029987347,24.05191584565887,1.0,6717.0
2022-04-11,0,0,10,1,0.0161117213490622,36.03228242051625,23.82232585616174,1.0,8354.0
2022-04-12,1,0,11,1,0.0358484734711748,36.35711837606618,23.792052832804814,1.0,7309.0
2022-04-13,2,0,12,1,0.0143871112207084,36.40798241960965,23.512140286154025,1.0,8787.0
2022-04-14,3,3,13,1,0.0005162943767319,36.40537878468831,23.99853234470271,1.0,8710.0
2022-04-15,4,3,14,1,11.513248243882094,37.26344931649345,25.66515849663369,1.0,7521.0
2022-04-16,5,3,15,1,11.77588632839666,37.092292767888864,26.432668617484524,1.0,8745.0
2022-04-17,6,3,16,1,15.562922145520702,36.99298531065614,25.70665375906418,1.0,9370.0
2022-04-18,0,0,17,1,1.3337224732335675,37.389055777448505,25.09359784263313,1.0,7649.0
2022-04-19,1,0,18,2,0.0609800266840975,38.06065282837272,25.32211814831294,1.0,7413.0
2022-04-20,2,0,19,2,0.0099551131154908,39.0320956385097,26.04960408258654,1.0,7476.0
2022-04-21,3,0,20,2,1.1305327552057185,37.84400671674638,25.601095204541423,1.0,8081.0
2022-04-22,4,3,21,2,9.866715400831865,35.929180272543306,25.313213227157974,1.0,7521.0
2022-04-23,5,3,22,2,12.7364324563473,36.23473955772471,25.34431856603448,1.0,8290.0
2022-04-24,6,3,23,2,3.778400649222817,36.99264550787393,25.62527255811028,1.0,8252.0
2022-04-25,0,0,24,2,0.4972041633080217,38.2576995123066,25.904897665568,1.0,8508.0
2022-04-26,1,0,25,2,1.7006335805873616,38.191543783386464,26.057760797092385,1.0,7487.0
2022-04-27,2,0,26,2,0.5888556316992538,38.51449244648143,26.522476110807588,1.0,8137.0
2022-04-28,3,0,27,2,2.0524702417927885,38.76518104489901,26.75102045186969,1.0,8022.0
2022-04-29,4,3,28,2,0.2729963735114178,40.16417536273275,26.49029908360319,1.0,6839.0
2022-04-30,5,3,29,2,0.0314586209042549,39.952867780903205,26.53372821405526,1.0,6991.0
2022-05-01,6,3,0,2,0.0178370304024053,39.90417523472468,26.57200541015169,1.0,8106.0
2022-05-02,0,0,1,2,0.1705036885386481,38.92600434084437,27.00650680648772,1.0,8750.0
2022-05-03,1,2,2,2,9.458932425354112,38.74261851081542,26.85540653345936,1.0,7896.0
2022-05-04,2,2,3,2,4.343759937224287,36.84719034605212,26.928350667147072,1.0,7005.0
2022-05-05,3,0,4,2,1.5184056613263823,38.16442845422489,27.27427469013918,1.0,8432.0
2022-05-06,4,0,5,2,0.1273445427049867,39.39391050647964,26.81200899847716,1.0,8162.0
2022-05-07,5,0,6,2,0.0179750903620954,38.89135747123669,26.58419114291604,1.0,7463.0
2022-05-08,6,0,7,2,2.3335591249105767,37.56475549921339,27.44997631163096,1.0,7926.0
2022-05-09,0,0,8,2,0.2042353532504824,38.63095739795489,26.66330674721155,1.0,9058.0
2022-05-10,1,0,9,2,1.502672978936734,37.90823720126298,26.77494968487929,1.0,7083.0
2022-05-11,2,0,10,2,134.4508318171267,31.01405291069813,25.423520418796784,1.0,7914.0
2022-05-12,3,0,11,2,22.1450266865484,33.53977918889677,24.91548145025945,1.0,7257.0
2022-05-13,4,0,12,2,0.8751456735652512,36.492821664308565,24.84920708586975,1.0,7978.0
2022-05-14,5,3,13,2,2.7104139172214787,38.44977086921608,26.08658249920381,1.0,8649.0
2022-05-15,6,3,14,2,2.713193941169395,38.586510290949775,27.09780316884195,1.0,8816.0
2022-05-16,0,3,15,2,1.545900621239556,37.71204132737989,26.71587243994384,1.0,9033.0
2022-05-17,1,0,16,2,24.453576709351424,36.13915798739697,26.779262826387992,1.0,8213.0
2022-05-18,2,0,17,2,4.040110742975852,35.240121555130145,26.438256218313143,1.0,8680.0
2022-05-19,3,0,18,2,50.34562629634938,34.3159899645903,25.934209712463428,1.0,7873.0
2022-05-20,4,0,19,2,25.956850612309665,34.41439047075545,25.42066453016156,1.0,7589.0
2022-05-21,5,0,20,2,3.687709831660632,36.21635019784907,25.680977052062588,1.0,9356.0
2022-05-22,6,0,21,2,0.1333602928956717,37.114325924912976,26.57034318790864,1.0,9062.0
2022-05-23,0,0,22,2,0.0226944816311051,37.52132902643223,26.946381055615973,1.0,8193.0
2022-05-24,1,0,23,2,0.5374012292313762,37.8496450552604,27.60596008634264,1.0,8058.0
2022-05-25,2,0,24,2,0.5729274731435531,37.38080838656526,28.122708736408413,1.0,8389.0
2022-05-26,3,0,25,2,15.816674221262286,38.05164741578631,26.93363777044016,1.0,8092.0
2022-05-27,4,0,26,2,3.696304556247192,37.27899648901433,26.53592378246072,1.0,7369.0
2022-05-28,5,0,27,2,0.1688425676057185,38.44263513163946,27.52404200045146,1.0,8435.0
2022-05-29,6,0,28,2,0.224217493659658,38.752578305095824,28.23576243146084,1.0,8475.0
2022-05-30,0,0,0,2,0.4803442772761983,38.72303389807462,28.76988467673499,1.0,9545.0
2022-05-31,1,0,1,2,14.25301478100256,38.5188108417517,28.12686230935026,1.0,8417.0
2022-06-01,2,0,2,0,6.976516711445408,37.79889409964193,27.693918436069964,1.0,8112.0
2022-06-02,3,0,3,0,2.509262427723227,39.66066562316309,28.8465698906424,1.0,7547.0
2022-06-03,4,0,4,0,1.1932736419668923,39.68453190887567,28.674509014200737,1.0,8545.0
2022-06-04,5,0,5,2,0.1833991314197102,40.520281032607045,29.16511158310783,1.0,8761.0
2022-06-05,6,0,6,2,2.47218033157289,40.85295934064766,28.841788041889345,1.0,9406.0
2022-06-06,0,0,7,0,8.96963185574406,39.03642031103385,28.778510170775007,2.0,9808.0
2022-06-07,1,0,8,0,5.891731673539216,39.894182727531074,28.62615711649289,2.0,7789.0
2022-06-08,2,0,9,0,3.301679148038003,38.82191471126015,27.70886426704141,2.0,7828.0
2022-06-09,3,0,10,0,19.973675068179165,38.26614861247669,27.576596404715247,2.0,9244.0
2022-06-10,4,0,11,0,14.31424454052602,37.21402390009911,27.58944323488157,2.0,8729.0
2022-06-11,5,0,12,2,8.557225357842245,35.57418248317322,27.131196123322752,2.0,8569.0
2022-06-12,6,0,13,2,27.555314709492805,35.14427888378765,26.55007151539519,2.0,9244.0
2022-06-13,0,0,14,0,12.236994493585607,34.58088054258599,25.301434290489738,2.0,9780.0
2022-06-14,1,0,15,0,26.48185771585832,35.655676003764256,25.05039770877977,2.0,7599.0
2022-06-15,2,0,16,0,64.15466717902154,33.66766679676971,24.72084072008789,2.0,8004.0
2022-06-16,3,0,17,0,47.60595559523799,31.909740588299258,24.260423667090663,2.0,7720.0
2022-06-17,4,0,18,0,13.025027504566271,33.537324102785306,24.801455727347783,2.0,8303.0
2022-06-18,5,0,19,2,14.812343164004584,33.257532590055575,25.444695105768005,2.0,7993.0
2022-06-19,6,0,20,2,90.13905982284388,33.127327018162134,24.83484469252295,2.0,8912.0
2022-06-20,0,0,21,0,42.841312279675456,32.417719435277434,23.91116313957025,2.0,10292.0
2022-06-21,1,0,22,0,62.688090378056216,29.63406057509104,23.15673400651093,2.0,6633.0
2022-06-22,2,0,23,0,99.70443473006355,28.63400539878586,23.005558899808648,2.0,6892.0
2022-06-23,3,0,24,0,33.035850306089905,32.68258146333068,24.56887473431209,2.0,8348.0
2022-06-24,4,0,25,0,61.11487361331514,30.94358246450571,25.01439153190097,2.0,6978.0
2022-06-25,5,0,26,2,49.12020659687675,30.85708854548068,23.0710440085943,2.0,6853.0
2022-06-26,6,0,27,2,304.52283077772785,26.01643371175578,23.014915274766224,2.0,7934.0
2022-06-27,0,0,28,0,154.6334508935201,27.345830356777867,23.05242869302253,2.0,9323.0
2022-06-28,1,0,29,0,66.4301055032491,27.92320286144343,23.63905183305019,2.0,7004.0
2022-06-29,2,0,0,0,29.45944980371421,31.051154145105382,24.077551236088595,2.0,7342.0
2022-08-04,3,0,7,0,245.1236074610307,29.91893629306759,23.42837681145818,2.0,7505.0
2022-08-05,4,3,8,0,195.7151886032844,29.37203723650936,23.35839627777466,2.0,7794.0
2022-08-06,5,3,9,2,123.86275616875844,26.623856873239788,23.10734519290685,2.0,8181.0
2022-08-07,6,3,10,2,434.4031519650212,25.649058216771323,22.943620120603896,2.0,10051.0
2022-08-08,0,3,11,0,316.3569487258539,24.49939141668108,22.602600836931288,2.0,9880.0
2022-08-09,1,3,12,2,214.2200883070363,24.20919960929808,22.64006305735711,2.0,7887.0
2022-08-10,2,0,13,0,15.174240586164178,28.479342778470368,23.315907212789284,2.0,10260.0
2022-08-11,3,0,14,0,4.226455608458681,28.89833680990654,23.760722395604148,2.0,11029.0
2022-08-12,4,3,15,0,3.800612121825339,29.48273600525084,24.06170165109205,2.0,12891.0
2022-08-13,5,3,16,2,16.44114457008678,28.70653991550768,23.46425532472165,2.0,12312.0
2022-08-14,6,3,17,2,143.9781457609296,27.552208919776263,22.57790084479774,2.0,11393.0
2022-08-15,0,3,18,2,57.63581997671233,26.17810941055416,22.340901289145503,2.0,11539.0
2022-08-16,1,3,19,0,3.8143958567744174,29.551317633365382,22.46188064855005,2.0,10401.0
2022-08-17,2,0,20,0,1.641920646761665,30.224365514356634,23.191922611262896,2.0,9709.0
2022-08-18,3,0,21,0,1.8789047261883776,30.3552008942566,23.735885080818832,2.0,7911.0
2022-08-19,4,0,22,0,1.2251487937144805,29.267522871002257,24.494262319334496,2.0,9931.0
2022-08-20,5,2,23,2,8.691706197297597,29.579808978026165,24.188431128911475,2.0,8507.0
2022-08-21,6,0,24,2,2.9973652264044106,29.625342099687487,24.14574286456741,2.0,12010.0
2022-08-22,0,0,25,0,6.64029141029306,29.1776926510517,23.47482410035127,2.0,11978.0
2022-08-23,1,0,26,0,8.8242286807729,29.73168510694859,23.35915220710024,2.0,9198.0
2022-08-24,2,0,27,0,7.8840078651179795,29.66443244133984,23.95950812718735,2.0,9265.0
2022-08-25,3,0,28,0,16.58812363096049,30.11208060397837,23.34448883100214,2.0,9410.0
2022-08-26,4,0,29,0,8.418700743651408,29.99126365165648,23.298828843586307,2.0,8854.0
2022-08-27,5,0,0,2,4.724569126675176,30.521575635972454,23.593757120338523,2.0,9497.0
2022-08-28,6,0,1,2,1.294926361230234,29.99717340581577,24.134424013229875,2.0,9876.0
2022-08-29,0,0,2,0,76.24793168552853,29.98245652264132,22.445604663027154,2.0,10083.0
2022-08-30,1,0,3,0,46.14522968465053,30.1922549262477,22.408662476069992,2.0,10085.0
2022-08-31,2,2,4,2,86.16031039293951,30.34292289949365,23.02472464484913,2.0,7486.0
2022-09-01,3,0,5,0,25.020336524362143,30.467992256818206,23.23605145639636,2.0,8358.0
2022-09-02,4,0,6,0,2.343799759683565,30.51587258661584,22.98059690340739,2.0,8741.0
2022-09-03,5,0,7,2,11.472469383290136,31.351766310621485,23.83472592622689,2.0,8628.0
2022-09-04,6,0,8,2,34.02107910172107,30.320139328194102,24.066150678226336,2.0,9123.0
2022-09-05,0,0,9,0,89.34424571438734,30.854621765276704,23.45696203757126,2.0,9379.0
2022-09-06,1,0,10,0,66.08240467919441,31.034135327299964,23.03371806091968,2.0,9877.0
2022-09-07,2,0,11,0,130.7839901418764,30.16923292956892,22.645203310154614,2.0,8522.0
2022-09-08,3,0,12,0,325.03400158308034,28.616644429035148,23.012494111624846,2.0,8678.0
2022-09-09,4,0,13,0,272.2507653088296,28.36331408736322,22.91858845642321,2.0,7593.0
2022-09-10,5,0,14,2,441.07255037591375,25.819204698794977,23.0326433288904,2.0,7958.0
2022-09-11,6,0,15,2,835.8187203778512,24.5701456391584,22.86067934681188,2.0,8127.0
2022-09-12,0,0,16,0,108.40466579448176,27.369351479459283,22.819797052845672,2.0,4252.0
2022-09-13,1,0,17,0,6.850167394778093,28.381844186478247,22.96685770492263,2.0,8700.0
2022-09-14,2,0,18,0,7.02228698295372,29.3807536195352,23.33250634896888,2.0,8117.0
2022-09-15,3,0,19,0,3.996066452228858,28.93270528793994,23.17753212617123,2.0,8665.0
2022-09-16,4,0,20,0,2.068401292286832,28.949341525755244,23.172479537934976,3.0,6669.0
2022-09-17,5,1,21,2,12.127608114170368,29.81275151215101,23.23535368123737,3.0,4231.0
2022-09-18,6,0,22,2,14.570576649637871,29.54998320193323,23.314256961018373,3.0,7154.0
2022-09-19,0,0,23,0,93.53287724404562,28.48904990903168,22.52510532328614,3.0,6121.0
2022-09-20,1,0,24,0,50.768568700311086,27.62904070134977,22.31165347858632,3.0,8182.0
2022-09-21,2,0,25,0,14.155163016156632,29.22310854262816,22.9159230354602,3.0,8063.0
2022-09-22,3,0,26,0,18.201477463633367,28.46978710034409,23.21307079077178,3.0,7546.0
2022-09-23,4,0,27,0,6.645990454978666,28.55725227443787,22.803223998789065,3.0,7692.0
2022-09-24,5,0,28,2,4.066500589583416,29.57646101708383,22.28673475945544,3.0,9206.0
2022-09-25,6,2,29,2,8.456633680196218,29.74273170973055,22.30106782410536,3.0,8033.0
2022-09-26,0,0,0,0,52.53395413339663,30.06194275008494,22.0800086989886,3.0,8977.0
2022-09-27,1,0,1,0,76.1202125970945,29.6473007501653,22.40482087460225,3.0,8032.0
2022-09-28,2,0,2,0,126.91191033835568,29.816794872193725,22.58112596434023,3.0,8521.0
2022-09-29,3,0,3,0,272.5770542737937,28.88417008541967,22.628812941338538,3.0,8873.0
2022-09-30,4,0,4,0,82.40331033253266,29.78938211000849,23.22376994841608,3.0,8614.0
2022-10-01,5,3,5,2,11.62835253140248,29.84074937705128,23.802839265450245,3.0,9935.0
2022-10-02,6,3,6,2,7.000051098785631,30.45702079317629,24.068513959685447,3.0,9794.0
2022-10-03,0,3,7,2,1.5196961983865094,29.9317063259399,23.91401320440366,3.0,9354.0
2022-10-04,1,3,8,2,2.9106978766969,29.085597446346867,23.660076002845585,3.0,7357.0
2022-10-05,2,3,9,2,214.8375862135656,28.0961461351302,22.350471532982453,3.0,3954.0
2022-10-06,3,3,10,2,290.1567916332346,25.11792367393992,22.16210044027053,3.0,6599.0
2022-10-07,4,0,11,2,74.20982856932206,28.37416868772169,22.155613826702904,3.0,10919.0
2022-10-08,5,0,12,2,29.773725016420794,28.415586771209234,21.91401694020908,3.0,9707.0
2022-10-09,6,2,13,2,62.58015853236181,28.726244027540247,21.7603045663646,3.0,8516.0
2022-10-10,0,0,14,0,125.22110522659094,26.338766189263765,22.26446859462117,3.0,9975.0
2022-10-11,1,0,15,0,38.24916091709907,28.29195423878798,22.695203456948263,3.0,8955.0
2022-10-12,2,0,16,0,45.95329934115005,28.56621211255652,22.183354184492657,3.0,9169.0
2022-10-13,3,0,17,0,79.1094653527566,28.778619329757703,22.04960809635349,3.0,8607.0
2022-10-14,4,0,18,0,76.77265063796082,28.16228952056997,21.964216278208085,3.0,7799.0
2022-10-15,5,0,19,2,173.22372622148237,26.125829451032644,22.07656761636349,3.0,8497.0
2022-10-16,6,0,20,2,50.23660882417797,26.64318121410406,21.78268480160284,3.0,8436.0
2022-10-17,0,0,21,0,14.107025383440304,28.981815695243423,21.84558095022101,3.0,8439.0
2022-10-18,1,0,22,0,18.358224083670137,29.2341210638657,21.53770438606466,3.0,8015.0
2022-10-19,2,0,23,0,49.591549867806194,29.280742897893504,21.47366967385273,3.0,8324.0
2022-10-20,3,0,24,0,34.44355254410206,28.749519595936817,21.41023510457325,3.0,7490.0
2022-10-21,4,0,25,0,10.578209439024675,29.036956895373294,20.080298224108788,3.0,8815.0
2022-10-22,5,3,26,2,0.4718930360881676,27.80843742868916,18.958012431916305,3.0,9511.0
2022-10-23,6,3,27,2,0.0025570392310214,27.60566847213096,18.34441966937038,3.0,8659.0
2022-10-24,0,3,28,0,0.0004261732051702,27.76726311014108,17.02161460861447,3.0,7157.0
2022-10-25,1,3,0,2,0.0224363978418296,27.95662901965079,16.298708960454917,3.0,6102.0
2022-10-26,2,0,1,0,0.0017284671116613,28.058308382325265,16.79107145782467,3.0,8874.0
2022-10-27,3,0,2,0,0.0068291307684376,27.729874013270432,17.92969721022297,3.0,7921.0
2022-10-28,4,0,3,0,0.0093796264195589,28.12518701136139,17.180332345740737,3.0,10656.0
2022-10-29,5,0,4,2,0.0166462571442593,27.912717885932807,16.647907245317924,3.0,10017.0
2022-10-30,6,0,5,2,0.0145747176816257,27.56599234953273,16.3669138853204,3.0,9012.0
2022-11-01,1,0,7,1,7.849903980623308,26.77908966400116,18.667264402783303,3.0,9059.0
2022-11-02,2,0,8,1,11.5616971272781,27.52231356097144,20.195395480668992,3.0,8177.0
2022-11-03,3,0,9,1,6.7467530449544135,28.410280982559527,20.5399055486252,3.0,7715.0
2022-11-04,4,0,10,1,4.515684373938145,28.448340848767884,19.730081073557017,3.0,9222.0
2022-11-05,5,0,11,2,0.374412109550283,29.027956561058204,18.90481443816589,3.0,8951.0
2022-11-06,6,1,12,2,0.0183586012767569,28.944844088314653,17.69352933615795,3.0,8595.0
2022-11-07,0,0,13,1,0.0057567568010984,29.105684090419857,17.544913964127204,3.0,10168.0
2022-11-08,1,2,14,1,0.0030519540971326,28.98163682442612,17.613537702050053,3.0,6758.0
2022-11-09,2,0,15,1,0.0077602290389222,28.338890685288103,17.06959075464073,3.0,6380.0
2022-11-10,3,0,16,1,0.000856221788581,28.308419516367167,17.28698115310067,3.0,9885.0
2022-11-11,4,0,17,0,0.0069022165689602,27.9069237817136,18.05107042348226,3.0,9795.0
2022-11-12,5,0,18,2,0.0115752213787345,28.05968048372949,18.14223083595425,3.0,10783.0
2022-11-13,6,0,19,2,0.0099584441954903,28.298275253098325,17.820575073650332,3.0,10688.0
2022-11-14,0,0,20,0,0.1121548939973466,28.261814995291843,17.224135609272423,3.0,10891.0
2022-11-15,1,0,21,0,0.0069121077382657,28.424076511789508,16.096355076767225,3.0,9579.0
2022-11-16,2,0,22,0,0.0215056603778407,27.92563828750769,15.143432893275133,3.0,8665.0
2022-11-17,3,0,23,0,0.0021536690724133,27.92799700645753,14.864234212022382,3.0,9644.0
2022-11-18,4,0,24,0,0.00944137567771,27.538550549633896,15.557677848869105,3.0,6366.0
2022-11-19,5,0,25,2,0.0064924346006023,26.30902901785953,15.8386045749304,3.0,8179.0
2022-11-20,6,0,26,2,0.0004351138045421,25.99935415476682,15.421316055421071,3.0,8049.0
2022-11-21,0,0,27,0,4.771353311509179,26.39355210815512,19.62782647713408,3.0,7573.0
2022-11-22,1,0,28,0,0.3941138328071892,28.994786559220017,20.24188654616478,3.0,9825.0
2022-11-23,2,0,29,0,0.2155058702492168,27.9572033657235,19.955995680172062,3.0,7496.0
2022-11-24,3,0,0,0,5.672761821227401,28.50899677188244,19.5407806875981,3.0,3266.0
2022-11-25,4,0,1,0,0.7383007712335754,29.12152755844056,18.308735274517232,3.0,8763.0
2022-11-29,1,0,5,0,0.0060353253630296,27.9985024784595,15.237727213800042,3.0,9306.0
2022-11-30,2,0,6,0,0.0060455774359979,27.74129826746116,14.928536885442496,3.0,8274.0
2022-12-01,3,0,7,0,0.0112021730274136,28.550916041621065,16.22756353899456,0.0,9317.0
2022-12-02,4,0,8,0,0.0833290812790509,28.56627129033666,18.373952455440246,0.0,9560.0
2022-12-03,5,0,9,2,3.590693731200353,28.628831045215577,19.41294555187005,0.0,10949.0
2022-12-04,6,0,10,2,1.9878898420547408,29.20394207469326,18.41494743353337,0.0,11418.0
2022-12-05,0,0,11,0,0.1265477390468437,28.811944049347343,17.358374939006296,0.0,11286.0
2022-12-06,1,0,12,0,0.0121553546520113,29.13485300814375,16.702017174941886,0.0,9536.0
2022-12-07,2,0,13,0,0.0008568167118028,27.83705670348741,17.736667499108307,0.0,6287.0
2022-12-08,3,1,14,0,0.0180375885747707,26.605618048673023,16.836514644379918,0.0,9417.0
2022-12-09,4,0,15,0,9.477676155067792,26.84859540449804,16.336872886564095,0.0,10618.0
2022-12-10,5,0,16,2,85.80767103761845,26.47457855300331,17.550046869081655,0.0,11067.0
2022-12-11,6,0,17,2,89.79613616033222,25.28398566128959,20.67316813890829,0.0,10585.0
2022-12-12,0,0,18,0,14.658459397971642,27.14944347901548,20.694300397340385,0.0,11050.0
2022-12-13,1,0,19,0,13.970651725456904,27.20324947686896,20.37212320117351,0.0,9904.0
2022-12-14,2,0,20,0,2.5273721771170288,28.76539180399448,19.69452665302532,0.0,9955.0
2022-12-15,3,0,21,0,3.469589425540272,28.579732291478702,19.60589662084999,0.0,9212.0
2022-12-16,4,0,22,0,1.2084751457338,29.018707174331723,19.45442013842893,0.0,8575.0
2022-12-17,5,0,23,2,0.200166043601415,29.601342698470773,19.63939939100294,0.0,10736.0
2022-12-18,6,0,24,2,0.0445998785218543,28.10128610680192,17.214197351278017,0.0,9775.0
2022-12-19,0,0,25,0,0.0101830566311017,27.665448336346856,16.040826312449553,0.0,10259.0
2022-12-20,1,0,26,0,0.0148532829296825,28.33340630840729,15.651720805424644,0.0,8919.0
2022-12-22,3,0,28,2,0.0121707477380757,28.37223389454158,15.579439163448626,0.0,9045.0
2022-12-23,4,0,0,2,0.0091359281894513,29.17043728262678,15.237219952072508,0.0,9373.0
2022-12-24,5,3,1,2,0.0226840362529401,28.704568790196845,15.368024555418003,0.0,10183.0
2022-12-25,6,3,2,2,0.0213960428568613,28.65651050269213,15.557105427715214,0.0,9016.0
2022-12-26,0,3,3,2,12.396036293320604,27.815915666879903,18.97228170552773,0.0,10204.0
2022-12-27,1,0,4,2,1.0253435578905243,29.365990757607563,20.30155447239315,0.0,9716.0
2022-12-28,2,0,5,2,0.1049408373727005,30.36254944509244,20.050611186882747,0.0,10573.0
2022-12-29,3,0,6,0,0.1454345841590363,29.41773657931168,20.405968153088168,0.0,8930.0
2022-12-30,4,0,7,0,0.0140009551457389,29.77568521945909,19.85159899211704,0.0,9808.0
2022-12-31,5,0,8,2,0.0083475328235249,30.07475700729248,20.082247067238143,0.0,9444.0
2023-01-01,6,2,9,2,0.0119527841131156,29.261847663176297,19.804925248438565,0.0,7906.0
2023-01-02,0,0,10,0,0.0099575457491065,28.68510772239955,18.70782652091185,0.0,9158.0
2023-01-03,1,0,11,0,0.6212145151103059,28.332572071254788,18.353733591083824,0.0,9558.0
2023-01-04,2,0,12,0,4.0236172712046105,27.91544206383952,18.82047538835542,0.0,9828.0
2023-01-05,3,0,13,0,21.62827105050701,25.58262127820552,18.440441500809584,0.0,9522.0
2023-01-06,4,0,14,0,9.005141433478588,26.465524593320023,18.359106787312328,0.0,8927.0
2023-01-07,5,0,15,2,0.4779067467455058,27.010692975024146,14.85081141645128,0.0,8875.0
2023-01-08,6,0,16,2,0.0021467194528668,26.058636127376985,13.042303212348202,0.0,8382.0
2023-01-09,0,0,17,0,0.0128849935698838,27.11468167798017,12.645368054473977,0.0,10429.0
2023-01-10,1,0,18,0,0.0064969049731189,28.50579937618693,12.947664229462989,0.0,9668.0
2023-01-11,2,0,19,0,0.0004351138045421,28.50825975037958,13.774671918717388,0.0,9632.0
2023-01-12,3,0,20,0,0.0,29.202512605543347,13.89537869866615,0.0,11504.0
2023-01-13,4,0,21,2,0.0218368431887938,29.20212146619309,15.381533364089536,0.0,12361.0
2023-01-14,5,3,22,2,0.0017046928064701,29.63150039317389,15.966091059358632,0.0,10435.0
2023-01-15,6,3,23,2,0.0168346071518499,29.27529984306108,16.291863542938927,0.0,7454.0
2023-01-16,0,3,24,2,0.0215120896314147,29.209057454329525,16.425745934010365,0.0,9514.0
2023-01-17,1,0,25,2,0.006507935324862,28.817606961277026,15.837793836831564,0.0,10872.0
2023-01-18,2,0,26,0,0.0034183262407339,29.20353143362724,15.704504537065702,0.0,11885.0
2023-01-19,3,0,27,0,0.0227048984875466,28.586417614686862,16.359314878027362,0.0,11451.0
2023-01-20,4,0,28,0,0.0167878822026068,28.159450224062084,16.554785157856543,0.0,11156.0
2023-01-21,5,0,0,2,0.0078356308697612,28.470750441180712,16.60283137022782,0.0,10211.0
2023-01-22,6,0,1,2,0.077833794265539,28.24391248998461,16.468328225948312,0.0,10682.0
2023-01-23,0,0,2,0,0.0239725090778178,27.87310191982118,16.99573449960957,0.0,10302.0
2023-01-24,1,0,3,0,0.0064341945587708,28.63548129782862,17.013590752705113,0.0,9671.0
2023-01-25,2,0,4,0,0.0035510531487614,28.0678703747015,16.238686223964635,0.0,10403.0
2023-01-26,3,2,5,0,0.0108451637681063,28.90879942011492,15.412178190105294,0.0,10449.0
2023-01-27,4,0,6,0,0.0047100724032134,29.07190768555523,14.994363266043706,0.0,10969.0
2023-01-28,5,0,7,2,0.0209735596854443,29.85532565473386,16.179639052039704,0.0,10063.0
2023-01-29,6,0,8,2,0.010028792561012,29.196850663800888,16.677654899176048,0.0,9233.0
2023-01-30,0,0,9,0,0.2336549750463123,28.94665445191822,18.469794995469044,0.0,10934.0
2023-01-31,1,0,10,0,0.0344778746845145,29.972274279553915,18.13009782494015,0.0,9211.0
2023-02-01,2,0,11,0,0.0419466810244878,29.495923123901377,18.063486302660635,0.0,11272.0
2023-02-02,3,0,12,0,0.0257826244276482,29.31082610953769,16.99307881459663,0.0,11048.0
2023-02-03,4,0,13,0,0.001710653293685,29.40491774243509,15.434025034638978,0.0,11554.0
2023-02-04,5,0,14,2,0.0,30.147103973719084,16.063840747824713,0.0,10604.0
2023-02-05,6,1,15,2,0.0165598386843157,30.05204305351037,16.39566185026854,0.0,10065.0
2023-02-06,0,0,16,0,0.0047487807250945,30.37808324552941,16.069635566175464,0.0,10882.0
2023-02-07,1,0,17,0,0.0248417246666576,31.2825633927265,17.802746283235194,0.0,10074.0
2023-02-08,2,0,18,0,0.0072509049608981,31.836224402693745,18.77356798930481,0.0,11653.0
2023-02-09,3,0,19,0,0.0120249853416964,31.7097377731738,18.216844874522906,0.0,11260.0
2023-02-10,4,0,20,0,0.0149488431588906,32.307964445050345,16.72388642286984,0.0,11719.0
2023-02-11,5,0,21,2,0.0115425767717169,33.27380310093184,16.018886734940907,0.0,12682.0
2023-02-12,6,0,22,2,0.0008548760206394,32.777815737724325,16.674213064083858,0.0,13332.0
2023-02-13,0,0,23,0,0.0,31.01130653336537,16.309531072435902,0.0,15388.0
2023-02-14,1,0,24,0,0.0030365288807843,30.950915665399748,15.301671273366082,0.0,11292.0
2023-02-15,2,0,25,0,0.0235713523011327,32.25330689538771,16.390082619922794,0.0,14003.0
2023-02-16,3,0,26,0,0.0030127994250506,32.83672701903453,16.893607886020106,0.0,13628.0
2023-02-17,4,0,27,0,0.0,32.43265284110822,17.276303189767646,0.0,13590.0
2023-02-18,5,2,28,2,0.020266664250812,31.623719707093755,17.440321472734354,0.0,10546.0
2023-02-19,6,1,29,2,0.015878323324614,31.86769429569199,18.06411162750578,0.0,9980.0
2023-02-20,0,0,0,0,0.0017361801951665,32.91870907680919,17.635176584626777,0.0,12790.0
2023-02-21,1,0,1,0,0.0171185283193153,33.81185238282416,17.279169078805182,0.0,12054.0
2023-02-22,2,0,2,0,0.0205698470949755,34.23859715657471,17.317658041546395,0.0,13668.0
2023-02-23,3,0,3,0,0.0141322856848091,33.78450435387401,18.128859440600024,0.0,13432.0
2023-02-24,4,0,4,0,0.0244482457674166,34.01526098860853,18.21009737096739,0.0,13683.0
2023-02-25,5,0,5,2,0.0291463427970484,34.134170085784945,17.56412113052278,0.0,13558.0
2023-02-26,6,0,6,2,0.0166360711659763,33.408773866045465,18.13037204916316,0.0,12670.0
2023-02-27,0,0,7,0,0.0121653067139959,32.929754580767565,19.03888113819147,0.0,13118.0
2023-02-28,1,0,8,0,0.030862936853282,32.517724967536424,19.45218277931076,0.0,12307.0
2023-03-01,2,0,9,0,0.0133046650603319,32.44839179516782,19.204101232281232,0.0,12659.0
2023-03-02,3,0,10,0,0.0008583068620282,32.84531862722304,19.03552397762826,0.0,12646.0
2023-03-03,4,0,11,0,0.0076711168617293,34.10373600194845,18.43189325702849,0.0,12291.0
2023-03-04,5,0,12,2,0.0034630291452231,33.89189928000832,20.136627217784223,0.0,12353.0
2023-03-05,6,0,13,2,0.0056564794590485,34.08172495222391,20.169787112732934,0.0,12650.0
2023-03-06,0,0,14,0,0.0255840030920134,33.96356036033137,19.45772873863024,0.0,13251.0
2023-03-07,1,2,15,0,0.9959823616161254,31.57414645054456,19.36177989517256,0.0,8237.0
2023-03-08,2,1,16,0,0.1039142140067727,32.70848545389049,19.5205436066712,0.0,11928.0
2023-03-09,3,0,17,0,0.0766692126275937,33.247555142429235,19.5290404463409,0.0,12914.0
2023-03-10,4,0,18,0,0.0795628815071528,33.5883935457843,19.8409201475584,0.0,14618.0
2023-03-11,5,0,19,2,0.0205405799462561,32.826828946051364,19.57454519598417,0.0,13316.0
2023-03-12,6,0,20,2,0.0091253621619102,33.39167696750468,19.96739009988289,0.0,14321.0
2023-03-13,0,0,21,0,0.0136842422548966,33.85419126068206,19.8992455936446,0.0,15682.0
2023-03-14,1,0,22,0,0.0127712885955588,34.212643714327214,20.23201238613484,0.0,12718.0
2023-03-15,2,0,23,1,0.1479054559902632,33.83054513242098,19.542279528433085,0.0,12573.0
2023-03-16,3,0,24,1,115.02625202462175,31.9346685777582,19.85719861440976,0.0,12505.0
2023-03-17,4,0,25,1,57.61901396728234,28.03656146745891,19.86574470946653,0.0,12375.0
2023-03-18,5,0,26,2,282.39372369735344,28.848861491657942,18.7396042809516,0.0,13976.0
2023-03-19,6,0,27,2,60.76108137078957,28.559359525243337,18.640325192573016,0.0,13381.0
2023-03-20,0,0,28,1,21.924191280559608,28.966038404664403,20.313610393061367,0.0,14669.0
2023-03-21,1,0,0,1,1.692753417935493,30.48988984402706,20.143079777068067,0.0,12876.0
2023-03-22,2,2,1,1,1.4833772536546663,31.128461959495496,20.31565738989883,0.0,8812.0
2023-03-23,3,0,2,1,0.9814210084183426,31.165912512237185,20.283059581393047,0.0,11736.0
2023-03-24,4,0,3,1,2.233638487150032,31.663374988430803,22.118884590525283,0.0,12266.0
2023-03-25,5,0,4,2,37.44486556364965,31.5575289786508,22.208112026180345,0.0,12164.0
2023-03-26,6,0,5,2,34.570375173644706,31.74600363107919,22.454566226112945,1.0,11283.0
2023-03-27,0,0,6,1,3.6502414800409166,33.15711170806003,21.737911418701003,1.0,13250.0
2023-03-28,1,0,7,1,2.174362143414777,33.59447306180601,21.59129796009705,1.0,11955.0
2023-03-29,2,0,8,1,0.5398551571578352,34.02590372386766,22.367409145421107,1.0,11955.0
2023-03-30,3,2,9,1,0.0634128103666358,35.03786367046331,22.33865525407868,1.0,9194.0
2023-03-31,4,0,10,1,5.44152983211179,33.03689732000112,22.30147871976658,1.0,10103.0
2023-04-01,5,0,11,1,2.5137614055170165,32.59020905435028,21.871436728113736,1.0,10805.0
2023-04-02,6,0,12,2,1.0663469066612532,32.83282213620521,22.218754610532244,1.0,9804.0
2023-04-03,0,0,13,2,0.4034192645807266,33.94713264124766,23.041796812982284,1.0,13172.0
2023-04-04,1,1,14,2,0.3198625026331527,34.74836200939245,23.496428994605367,1.0,10893.0
2023-04-05,2,2,15,2,2.2837248153881107,34.81308249915219,22.991537631750703,1.0,10047.0
2023-04-06,3,0,16,2,24.04389814553448,34.480063595458034,23.376587179075216,1.0,10183.0
2023-04-07,4,3,17,2,25.051751982206127,33.069567942580306,23.124996513751285,1.0,10055.0
2023-04-08,5,3,18,2,3.369781300679615,33.26708932647904,22.827280146840906,1.0,10489.0
2023-04-09,6,3,19,2,0.2998885001099216,34.04976468559784,22.30250111120796,1.0,10946.0
2023-04-10,0,0,20,2,0.0311994405092447,35.25792333619495,22.057205693394224,1.0,14640.0
2023-04-11,1,1,21,2,0.0313251111582339,36.67205487466725,22.183431420634747,1.0,10368.0
2023-04-12,2,0,22,2,0.7306486904318324,37.50991975805897,23.004547503175388,1.0,11454.0
2023-04-13,3,0,23,2,0.1416737582379486,37.97035551491143,23.829520967333,1.0,10280.0
2023-04-14,4,3,24,2,4.343487442964322,37.919308172640285,24.759326987674683,1.0,8931.0
2023-04-15,5,3,25,2,0.8893410050561724,35.46734336671523,24.84392593477133,1.0,11202.0
2023-04-16,6,3,26,2,0.2424627999482765,37.23561025783465,24.04427928534693,1.0,9859.0
2023-04-17,0,0,27,2,0.0623789889834669,38.28508002050671,23.512578591069712,1.0,13013.0
2023-04-18,1,1,28,2,0.0579690311295772,39.14860055885623,23.592951456494973,1.0,10150.0
2023-04-19,2,0,0,2,0.2094965586717165,38.818079397025485,24.073897456913755,1.0,11023.0
2023-04-20,3,0,1,2,0.6459145554867867,38.31122640530555,23.95471845024377,1.0,10523.0
2023-04-21,4,0,2,2,2.9003789270613787,35.907757118534334,25.07392148402101,1.0,12003.0
2023-04-22,5,2,3,2,13.4205723602249,36.12134532811217,24.608007200133272,1.0,12654.0
2023-04-23,6,2,4,2,4.996547992174427,35.67051597855232,24.253218064459816,1.0,10806.0
2023-04-24,0,0,5,2,123.08723258412968,34.093277296951555,24.33064214690148,1.0,13094.0
2023-04-25,1,0,6,2,45.77201860081925,34.10438581489768,24.107771229674142,1.0,11309.0
2023-04-26,2,0,7,2,9.30158838472548,34.17189259938459,23.932954346071256,1.0,11102.0
2023-04-27,3,0,8,2,1.3195396801881467,33.41713337527494,24.29163940506629,1.0,12205.0
2023-04-28,4,0,9,2,18.26836605715204,33.129735789994925,24.107441885614435,1.0,11931.0
2023-04-29,5,0,10,2,186.0589753242605,31.19480791195923,22.143305336632864,1.0,12825.0
2023-04-30,6,0,11,2,112.82566078475148,31.29883405913484,21.949999169815783,1.0,14251.0
2023-05-01,0,0,12,2,103.8910597432951,27.981938953098503,21.9492691376297,1.0,14452.0
2023-05-02,1,0,13,2,100.06978122928084,29.618388574549783,22.988508588030697,1.0,13641.0
2023-05-03,2,0,14,2,25.36105376941288,30.57835291731999,22.99982735782981,1.0,13966.0
2023-05-04,3,0,15,2,8.20605675254081,31.370032985237685,23.68902907346637,1.0,12723.0
2023-05-05,4,3,16,2,55.60346345131391,32.207458667276285,23.86727863172763,1.0,13564.0
2023-05-06,5,3,17,2,29.48504657587893,32.90012715688391,24.23803336463675,1.0,13808.0
2023-05-07,6,3,18,2,12.554225131837514,33.42325165644172,25.39168552540451,1.0,13972.0
2023-05-08,0,0,19,2,10.577874404186412,34.83838181712872,25.69842855592396,1.0,12584.0
2023-05-09,1,0,20,2,20.28755056107116,35.45338988532984,25.980738266721232,1.0,13169.0
2023-05-10,2,0,21,2,17.570993480321576,35.741629639154155,25.78585732498874,1.0,13287.0
2023-05-11,3,0,22,2,1.072138478918918,36.59964326640113,24.19030034377608,1.0,14592.0
2023-05-12,4,0,23,2,0.0229231031913677,38.123224931843424,23.98375218771201,1.0,14982.0
2023-05-13,5,0,24,2,0.0120162962637948,38.81617532892102,24.509325984750262,1.0,13795.0
2023-05-14,6,0,25,2,0.0008583068797918,38.8996033907743,26.121296932774328,1.0,14763.0
2023-05-15,0,0,26,2,0.0128721448641268,38.03271861017538,26.306663068871444,1.0,14176.0
2023-05-16,1,0,27,2,0.0094205414787402,38.31148263408585,25.28256489656553,1.0,12874.0
2023-05-17,2,0,28,2,0.0239953386085289,38.34368549064334,25.33627996405545,1.0,12761.0
2023-05-18,3,0,29,2,0.0058139128371487,38.00355545491704,25.75914346915812,1.0,13156.0
2023-05-19,4,0,0,2,0.8144596489130831,38.20284759852291,26.28016363200197,1.0,11263.0
2023-05-20,5,0,1,2,0.2272434645190516,37.96987866975133,26.56643673527907,1.0,13389.0
2023-05-21,6,0,2,2,0.7120569178393504,37.84716451487333,26.2670355411978,1.0,15200.0
2023-05-22,0,0,3,2,2.953415817245252,37.63241186123514,26.9917923467126,1.0,14167.0
2023-05-23,1,0,4,2,0.7648454928352519,37.54305098915461,26.75662297620596,1.0,14317.0
2023-05-24,2,0,5,2,0.7271309928479985,37.90718254378851,27.2536967786786,1.0,14592.0
2023-05-25,3,0,6,2,1.70047629800783,37.62387074368252,28.60352392886483,1.0,14426.0
2023-05-26,4,0,7,2,0.114769644500597,37.18073989917235,26.83824071388625,1.0,14000.0
2023-05-27,5,0,8,2,0.0193600238764945,37.80740707165887,26.42358578462529,1.0,13988.0
2023-05-28,6,0,9,2,0.2347346389930893,37.68634803591812,26.70576872106443,1.0,13905.0
2023-05-29,0,0,10,2,12.130656751776296,37.14462547532577,26.66231721094977,1.0,14797.0
2023-05-30,1,0,11,2,1.7834580011137902,36.71016884233171,26.133428086290905,1.0,13594.0
2023-05-31,2,0,12,2,0.0851618096457928,38.57041198687659,26.09301644164782,1.0,14249.0
2023-06-01,3,0,13,0,0.0165456868971133,39.13613904022225,26.99388882700191,1.0,16198.0
2023-06-02,4,0,14,0,0.0196616446324071,39.44384621954043,27.179466475148672,1.0,14776.0
2023-06-03,5,0,15,2,0.415403137071443,39.28581846540556,28.42144903243127,1.0,15058.0
2023-06-04,6,0,16,2,14.209316891300706,38.56621866180819,27.443685721434008,1.0,16003.0
2023-06-05,0,0,17,0,1.1008357862062452,37.09340139733115,27.268628006455742,1.0,16453.0
2023-06-06,1,0,18,0,0.0874471365906258,37.64209459861763,27.81631002274424,2.0,14973.0
2023-06-07,2,0,19,0,0.5038913429057356,38.073577277425386,28.93474678639961,2.0,14229.0
2023-06-08,3,0,20,0,1.0192757437618565,38.46836303890569,28.94915751776398,2.0,15634.0
2023-06-09,4,0,21,0,2.571395171161663,38.85942710565968,29.296589661168014,2.0,14394.0
2023-06-10,5,0,22,2,15.64694609807252,37.82587701124487,26.63505163454198,2.0,15369.0
2023-06-11,6,0,23,2,16.529437118253295,36.394983065079884,27.165175296380426,2.0,14619.0
2023-06-12,0,0,24,0,5.15148638841445,37.59888315962286,27.99906888681249,2.0,16506.0
2023-06-13,1,0,25,0,0.6652401304601846,38.29467703759786,28.096753304132164,2.0,14021.0
2023-06-14,2,0,26,0,0.2428925194465837,37.79818275049985,28.38917640367623,2.0,15702.0
2023-06-15,3,0,27,0,0.0286697663337347,37.22173689212013,28.425269571510512,2.0,12954.0
2023-06-16,4,0,28,0,0.0220978240500731,38.37452871499249,28.168298224716352,2.0,13203.0
2023-06-17,5,0,0,2,0.1039580237214327,37.66075993275342,28.74881091201115,2.0,13347.0
2023-06-18,6,0,1,2,0.6442173500552854,37.87976217648787,29.193017381580542,2.0,5752.0
2023-06-19,0,0,2,0,0.6745901434788604,37.13200134588425,28.727763769025216,2.0,8080.0
2023-06-20,1,1,3,0,15.010875661961494,37.76232347036233,28.07736792799028,2.0,13471.0
2023-06-21,2,0,4,0,21.904281160983963,36.747568998024406,26.01508077118757,2.0,12374.0
2023-06-22,3,0,5,0,12.879765910839913,34.61156538493714,26.53689697279276,2.0,12771.0
2023-06-23,4,0,6,0,51.8914639981201,32.670906051694544,24.22271367136682,2.0,12552.0
2023-06-24,5,0,7,2,111.1886582473205,28.847025711992387,23.69098858427577,2.0,13300.0
2023-06-25,6,0,8,2,140.2982810331667,28.99353749624703,23.60847979944544,2.0,13230.0
2023-06-26,0,0,9,0,44.62674929857248,29.010335538611628,24.04265377761436,2.0,14491.0
2023-06-27,1,0,10,0,29.97070304992345,30.157019204244875,23.97713164654033,2.0,12326.0
2023-06-28,2,0,11,0,12.198582359170407,31.18099047233943,24.136029698203515,2.0,13708.0
2023-06-29,3,2,12,0,6.990469146612962,32.73894603715655,25.21888754993733,2.0,11004.0
2023-06-30,4,0,13,0,1.1178458097403865,32.35615669277462,24.987618655282063,2.0,12528.0
2023-07-01,5,0,14,2,5.279175647017213,34.150012690956885,25.55959991485048,2.0,13531.0
2023-07-02,6,0,15,2,22.497184521055505,33.39198820671362,25.225445795025564,2.0,12400.0
2023-07-03,0,0,16,0,22.68807150826199,33.34146601135359,25.090317770469085,2.0,15170.0
2023-07-04,1,0,17,0,152.82060097162972,33.987535330155765,24.65411080951077,2.0,13507.0
2023-07-05,2,0,18,0,172.47978281279038,29.548310224629745,24.040749826827664,2.0,12805.0
2023-07-06,3,0,19,0,107.8088590757937,26.997710916896096,23.350197945490265,2.0,12556.0
2023-07-07,4,3,20,0,65.46688394881942,29.481929689950903,23.40615720977803,2.0,12398.0
2023-07-08,5,3,21,2,13.241628183174162,30.25105299842,23.840612327006284,2.0,13012.0
2023-07-09,6,3,22,2,7.158539902306154,30.983448618240573,24.542114693447616,2.0,12762.0
2023-07-10,0,0,23,0,3.834358914225597,31.67743546267189,25.35930541066801,2.0,15020.0
2023-07-11,1,0,24,0,32.40537108284745,29.251468044638216,24.16748626171335,2.0,12497.0
2023-07-12,2,0,25,0,25.0993833932322,30.30095666803584,24.028689354968265,2.0,11693.0
2023-07-13,3,0,26,0,43.07893366894201,30.439532914589847,24.01571995807768,2.0,12781.0
2023-07-14,4,0,27,0,46.0503832005069,31.200470083956816,24.02402323878937,2.0,11325.0
2023-07-15,5,3,28,2,24.680547873184,29.74429596458657,23.959224882363515,2.0,12877.0
2023-07-16,6,3,29,2,69.8969361667204,28.5064755178222,23.67801964533993,2.0,12698.0
2023-07-17,0,3,0,0,122.28148995648782,27.57244896262268,23.25428622752213,2.0,11652.0
2023-07-18,1,0,1,0,368.9847466019671,25.62794572231764,22.536117372087062,2.0,13000.0
2023-07-19,2,0,2,0,681.831959854958,24.144029666473383,22.656135199472715,2.0,12124.0
2023-07-20,3,0,3,0,370.9991184264193,25.514997015366816,22.88912884100569,2.0,10822.0
2023-07-21,4,0,4,0,234.6994454634958,26.01921897763652,22.99231325617285,2.0,9742.0
2023-07-22,5,0,5,2,44.73691106822644,28.111078954734865,23.39099414238342,2.0,11359.0
2023-07-23,6,0,6,2,93.60874768636424,27.784226729370346,23.309889638097104,2.0,10768.0
2023-07-24,0,0,7,0,227.11661948577188,27.455552372925183,23.09917358763068,2.0,12735.0
2023-07-25,1,0,8,0,305.50196928397617,25.064910051453296,22.97676698532252,2.0,10479.0
2023-07-26,2,0,9,0,326.38916532780064,26.587578645810083,22.992283431186024,2.0,10884.0
2023-07-27,3,0,10,0,1358.6606106689785,23.80095267057669,22.82607723494732,2.0,3201.0
2023-07-29,5,3,12,2,28.280148157153537,29.47547204704068,24.12510127756127,2.0,8924.0
2023-07-30,6,3,13,2,13.23897284397299,28.778032567428,23.860185134421613,2.0,8444.0
2023-07-31,0,0,14,0,31.24077229702753,29.309891328136075,24.52822526670156,2.0,12497.0
2023-08-01,1,0,15,0,22.738541711024983,29.46429826099046,24.39596586893225,2.0,10383.0
2023-08-02,2,0,16,0,4.096692230828139,29.38549102294741,24.512457931253152,2.0,10152.0
2023-08-03,3,0,17,0,12.044165916856713,28.9206911133208,24.39209172748582,2.0,9500.0
2023-08-04,4,0,18,0,10.591201804369918,30.46089193315061,24.08264418750406,2.0,9375.0
2023-08-05,5,0,19,2,14.544418420958172,30.42390400840503,24.243543223175664,2.0,10742.0
2023-08-06,6,0,20,2,4.925023438589325,30.47083614674728,24.394828523914327,2.0,9818.0
2023-08-07,0,0,21,0,5.800530118400182,29.579915123488945,24.01713389388476,2.0,12819.0
2023-08-08,1,0,22,0,3.870608190230744,30.09392717780895,23.700869308769995,2.0,10681.0
2023-08-09,2,0,23,0,4.009138970411075,29.75147651223722,24.03203524361379,2.0,10525.0
2023-08-10,3,0,24,0,6.2736374254077605,30.991096583366016,24.313209773938183,2.0,10809.0
2023-08-11,4,0,25,0,13.76330769189662,31.0799616567046,24.07318351691407,2.0,12118.0
2023-08-12,5,0,26,2,8.009613823036334,30.61764082524735,24.256603711316643,2.0,15172.0
2023-08-13,6,0,27,2,6.185843517869088,30.62012035638156,24.45338286607523,2.0,12323.0
2023-08-14,0,0,28,0,4.9189250739067445,29.14605050269193,24.38307119265721,2.0,14352.0
2023-08-15,1,2,29,0,10.358259353108894,29.663018453932125,23.95752511233451,2.0,12461.0
2023-08-16,2,1,0,0,4.853176823689178,30.50585266931614,24.45470544508396,2.0,12347.0
2023-08-17,3,0,1,0,24.14732916793113,29.420287428103904,24.265184373011834,2.0,12545.0
2023-08-18,4,0,2,0,21.820141172100847,27.76462048261885,23.981631161876063,2.0,12603.0
2023-08-19,5,0,3,2,46.34617517322517,27.12358349239321,23.377653828927464,2.0,13377.0
2023-08-20,6,0,4,2,11.499375079951294,29.649251895724888,23.222893811508413,2.0,12625.0
2023-08-21,0,0,5,0,0.8619445847705169,30.91767101925103,24.21220597567856,2.0,14913.0
2023-08-22,1,0,6,0,16.388498970366616,30.64265789146674,23.953097846995945,2.0,11900.0
2023-08-23,2,0,7,0,15.79637188239685,31.715599922554475,24.71191659258148,2.0,12514.0
2023-08-24,3,0,8,0,2.4134653934624537,30.549631762865715,24.592300189359776,2.0,12107.0
2023-08-25,4,3,9,0,15.614186078387045,31.00298233070584,24.743500941893046,2.0,10218.0
2023-08-26,5,3,10,2,15.835504781036988,30.159817136839763,24.56642484269497,2.0,13553.0
2023-08-27,6,3,11,2,8.650407362942422,31.359378185189257,24.68543928625587,2.0,11915.0
2023-08-28,0,0,12,0,4.743080779945386,31.08531154239165,23.57826248799256,2.0,15305.0
2023-08-29,1,0,13,0,8.413200094524239,30.73000991544677,23.11529721551801,2.0,13558.0
2023-08-30,2,0,14,0,2.450337817715821,31.271809057560063,23.23671108987645,2.0,15777.0
2023-08-31,3,1,15,0,8.668336675524646,31.46990200572776,23.63198280425462,2.0,18164.0
2023-09-01,4,0,16,0,10.43167803916992,31.78332852921829,23.96413051227904,2.0,18108.0
2023-09-02,5,0,17,2,56.37702766129459,31.17582937949811,23.594774698691253,2.0,16845.0
2023-09-03,6,0,18,2,266.7055967632924,28.77127945182769,23.34630553794221,2.0,16116.0
2023-09-04,0,0,19,0,1089.8143560747135,26.187138212056027,23.138315240051043,2.0,17643.0
2023-09-05,1,0,20,0,154.47232571376952,26.888197419723667,23.154331370516783,2.0,12949.0
2023-09-06,2,1,21,0,51.37341230686816,28.33336297442463,23.71182859371214,2.0,13469.0
2023-09-07,3,2,22,0,31.05180368601877,27.97426791304207,23.469366694363657,2.0,12403.0
2023-09-08,4,0,23,0,28.03939637911518,27.5361653764046,23.50973074396404,2.0,12066.0
2023-09-09,5,0,24,2,38.50858201310464,29.11490932164673,23.87134679897048,2.0,13926.0
2023-09-10,6,0,25,2,183.7494475187092,29.103604556767948,23.889606620451843,2.0,13700.0
2023-09-11,0,0,26,0,21.561122555724943,29.798118895204368,23.80118242718765,2.0,17255.0
2023-09-12,1,0,27,0,14.31588200426926,29.039735293271576,24.242108145388784,2.0,14285.0
2023-09-13,2,0,28,0,17.928604559352127,29.40734346224457,23.587606793779912,2.0,12170.0
2023-09-14,3,0,0,0,113.96784250569078,26.4822076054378,23.323873242876346,2.0,11534.0
2023-09-15,4,0,1,0,16.16414269358651,28.849149778365188,23.72024915562276,2.0,12149.0
2023-09-16,5,3,2,2,10.516388582148238,29.543468330136363,23.73600407298904,3.0,13930.0
2023-09-17,6,3,3,2,2.151613638325435,30.172264864500903,23.125623791627675,3.0,12634.0
2023-09-18,0,3,4,0,4.271798136134231,30.5308458279369,23.54365250266528,3.0,10381.0
2023-09-19,1,0,5,0,17.641918701729956,31.107208586212664,24.45776652494652,3.0,12613.0
2023-09-20,2,0,6,0,55.34495199729991,30.426607273491413,24.18258618587521,3.0,13040.0
2023-09-21,3,0,7,0,113.77741940546048,28.627896645220005,23.248837047925008,3.0,12471.0
2023-09-22,4,0,8,0,50.23479643031165,28.85387330318076,23.06413020150717,3.0,10080.0
2023-09-23,5,0,9,2,96.67969653965878,29.720473010787885,23.119486372747872,3.0,12094.0
2023-09-24,6,0,10,2,110.23062454033943,29.22995859299596,23.01879085980994,3.0,10901.0
2023-09-25,0,0,11,0,149.5338397359958,28.010676528205977,22.86692052365624,3.0,14663.0
2023-09-26,1,0,12,0,89.95345976744998,29.47763902059654,22.61266143273337,3.0,12493.0
2023-09-27,2,0,13,0,51.045119516458776,30.25657583473685,22.571431804984627,3.0,12160.0
2023-09-28,3,2,14,0,79.47801602763748,31.14165754586673,23.052506679562725,3.0,11997.0
2023-09-29,4,0,15,0,112.14713554385,30.483080200650363,22.85520260364592,3.0,12358.0
2023-09-30,5,3,16,2,57.05291850014285,30.268797483907065,23.09412807037125,3.0,13244.0
2023-10-01,6,3,17,2,59.12773868529313,29.836782984559875,23.72656433152713,3.0,12884.0
2023-10-02,0,3,18,0,7.125427417481903,29.653228946890863,23.42293111927876,3.0,12421.0
2023-10-03,1,0,19,1,12.239662187977382,30.62162987682308,24.51169595809273,3.0,14985.0
2023-10-04,2,0,20,1,0.8207634091166441,31.95467517443365,22.35485899641975,3.0,13484.0
2023-10-05,3,0,21,1,0.0085473053559326,31.400405269036924,21.905381315913303,3.0,12329.0
2023-10-06,4,0,22,1,0.001710653293685,31.628393419869155,21.757442133954044,3.0,11085.0
2023-10-07,5,0,23,2,0.0,31.36563904678519,21.58708874887936,3.0,11700.0
2023-10-08,6,0,24,2,0.034857356431084,31.573429390294848,21.44545218052832,3.0,11395.0
2023-10-09,0,0,25,1,0.0112368211890579,31.94956932604873,21.61818275316284,3.0,12678.0
2023-10-10,1,0,26,1,0.6430226659936366,31.38556539319063,22.56967531611133,3.0,11898.0
2023-10-11,2,0,27,1,0.4385676762022229,32.099577790069986,22.34494046881452,3.0,12613.0
2023-10-12,3,0,28,1,0.7279040936405564,31.77707675053358,22.35318759743552,3.0,13199.0
2023-10-13,4,0,29,1,0.167372099466462,31.39659633034239,22.20843517245578,3.0,12324.0
2023-10-14,5,2,0,1,0.2088412403292061,31.5046393831592,21.90250641199458,3.0,11002.0
2023-10-15,6,0,1,1,0.2031386601161722,31.319865693604413,22.749335143742822,3.0,10428.0
2023-10-16,0,0,2,2,4.082788289605654,30.29508424406407,22.65971105003609,3.0,13032.0
2023-10-17,1,0,3,2,0.3955500471145525,30.78477618268852,21.696646561417708,3.0,11943.0
2023-10-18,2,0,4,2,0.803627024944883,31.53306044898801,21.491665040771466,3.0,12975.0
2023-10-19,3,0,5,2,0.7053708061550634,31.202799071993184,21.29385766930926,3.0,12379.0
2023-10-20,4,0,6,2,0.1380650277256285,31.304188987191765,21.07593345906492,3.0,13307.0
2023-10-21,5,3,7,2,0.1328124500047167,31.2984027462129,20.581404299933467,3.0,13376.0
2023-10-22,6,3,8,2,0.0074877148923872,30.878304098614592,19.00265263079717,3.0,11940.0
2023-10-23,0,3,9,2,0.0140939874633261,30.15446748895323,18.17385842042836,3.0,5571.0
2023-10-24,1,3,10,2,0.0051438808021941,30.367716375974453,17.751480824046155,3.0,8411.0
2023-10-25,2,3,11,2,0.0025987621583567,30.47366653425246,17.978168155230662,3.0,13791.0
2023-10-26,3,0,12,0,0.0111430877147711,30.175970785406832,17.55558651548938,3.0,14845.0
2023-10-27,4,3,13,0,0.0081509347182873,30.1040071442568,17.19210002387831,3.0,12593.0
2023-10-28,5,3,14,2,0.0532129195793769,30.39870289658916,19.56687836416989,3.0,11712.0
2023-10-29,6,3,15,2,0.1575040267262401,30.662994650386903,19.95298659247186,3.0,12719.0
2023-10-30,0,0,16,0,4.305776940897252,29.66620489376328,19.88513938185855,3.0,14914.0
2023-10-31,1,0,17,0,6.056191774171967,29.65205266890473,20.238339867549712,3.0,12268.0
2023-11-01,2,0,18,0,2.008475556168776,29.44175647713695,20.882213735264656,3.0,12589.0
2023-11-02,3,0,19,0,9.34776552717878,29.30829759306721,20.925478074786383,3.0,12121.0
2023-11-03,4,0,20,0,11.729872116953596,30.107325702630533,21.63447768204492,3.0,11576.0
2023-11-04,5,0,21,2,16.429696728115378,29.937015987428538,22.2744654007235,3.0,11504.0
2023-11-05,6,0,22,2,2.80191649190363,30.49440619817477,22.43617867834081,3.0,10525.0
2023-11-06,0,0,23,0,22.32608547106537,29.04179643802621,22.420207586500283,3.0,12374.0
2023-11-07,1,0,24,0,130.8161218135893,29.376378558115903,21.91265240643725,3.0,10190.0
2023-11-08,2,0,25,0,105.61415755091036,29.131830238391387,21.74808341664857,3.0,11834.0
2023-11-09,3,0,26,0,10.41044633530635,28.80375493201825,22.21590977877173,3.0,11310.0
2023-11-10,4,0,27,0,11.34315550231144,29.03974011999032,20.62143950066877,3.0,12155.0
2023-11-11,5,1,28,2,0.5950075134026984,30.038375198240885,20.48366447081997,3.0,12607.0
2023-11-12,6,2,29,2,0.0030100327421678,30.90682913684185,19.76919449841597,3.0,11125.0
2023-11-13,0,0,0,0,0.0170932028140669,30.17426369832469,19.93583626486384,3.0,10062.0
2023-11-14,1,0,1,0,0.1765107309835841,28.90237030524133,20.1597863144047,3.0,14582.0
2023-11-15,2,0,2,0,0.0148728309385876,29.36155559093686,19.65762812437941,3.0,13514.0
2023-11-16,3,0,3,0,0.0154698451133583,29.499973472895817,19.27161664221109,3.0,13468.0
2023-11-17,4,0,4,0,0.025694734119952,29.872141314664702,18.93455386745876,3.0,11761.0
2023-11-18,5,0,5,2,0.097780476132439,29.74058529010324,19.24677805943992,3.0,12695.0
2023-11-19,6,0,6,2,0.0277028177593772,30.00025460927833,19.71329446691732,3.0,12632.0
2023-11-20,0,0,7,0,0.005230406798916,30.018085615839084,20.395817487945408,3.0,13151.0
2023-11-21,1,0,8,0,5.611331083552374,28.930753697203784,20.951951704695546,3.0,11648.0
2023-11-22,2,0,9,0,15.798876538037822,28.564764933957008,21.470450177307896,3.0,11723.0
2023-11-23,3,0,10,0,31.31945901008857,27.088815413009115,21.47272807777324,3.0,11832.0
2023-11-24,4,0,11,0,141.49073173962617,25.832830280692463,21.21308836756896,3.0,13165.0
2023-11-25,5,3,12,2,13.188620458636562,28.46914042541323,20.853996957410743,3.0,13552.0
2023-11-26,6,3,13,2,5.129084038131946,28.469363693135502,20.954842611594984,3.0,12999.0
2023-11-27,0,3,14,0,0.7422565271181467,28.50831238012524,20.62797607791396,3.0,11175.0
2023-11-28,1,0,15,0,0.2750377353077359,28.577215544676164,20.408639624700527,3.0,12015.0
2023-11-29,2,1,16,0,0.0451694260647858,28.117285262639427,20.10584586490956,3.0,15150.0
2023-11-30,3,0,17,0,1.861312512294276,29.283605535489244,19.58216329450101,3.0,10019.0
2023-12-01,4,0,18,0,0.1089042892713807,29.477561183868147,18.929861794020496,0.0,14416.0
2023-12-02,5,0,19,2,0.0008523463179699,30.085334587993373,19.031492424493425,0.0,14222.0
2023-12-03,6,0,20,2,0.3914985598926327,30.0834588920286,19.919470952001404,0.0,7464.0
2023-12-04,0,0,21,0,5.270214256112315,26.847398502849728,21.77722182081044,0.0,18759.0
2023-12-05,1,0,22,0,138.73239707002176,23.67099249366379,19.828610788676546,0.0,11119.0
2023-12-06,2,0,23,0,20.27808183716837,25.808171043244272,19.560451495137045,0.0,11383.0
2023-12-07,3,0,24,0,2.1128788867315125,27.53869994863584,17.992746409554115,0.0,14257.0
2023-12-08,4,0,25,0,0.1191821259448683,27.93006759435343,17.617505355347248,0.0,13249.0
2023-12-09,5,0,26,2,0.0039516020159252,28.019175100266125,17.857382057350776,0.0,14780.0
2023-12-10,6,0,27,2,0.0352411687260015,27.388343425503933,17.9026694347545,0.0,8743.0
2023-12-11,0,0,28,0,0.0162084944008711,27.37308283626419,17.762907216251506,0.0,8051.0
2023-12-12,1,0,0,0,0.0394812799017628,27.547063284945693,17.888913879143956,0.0,7269.0
2023-12-13,2,0,1,0,0.0216706137068275,26.557062809325032,17.384309695654224,0.0,7677.0
2023-12-14,3,0,2,0,0.0114393556062567,26.518665694439107,17.123991025987777,0.0,7731.0
2023-12-15,4,0,3,0,0.0253505433372294,26.25220114997705,17.747189854824626,0.0,13770.0
2023-12-16,5,0,4,2,0.6305574511769159,26.495362801369083,19.031734809362035,0.0,17110.0
2023-12-17,6,0,5,2,0.0586730352001128,26.80070642820351,18.00379762668956,0.0,18788.0
2023-12-18,0,0,6,0,0.0094224950188414,26.48088393916652,17.558649706471215,0.0,19362.0
2023-12-19,1,0,7,0,0.0017046928064701,26.240992427931246,16.734085503187202,0.0,15358.0
2023-12-20,2,0,8,0,0.0068187712827239,26.51305952727597,14.63837291082774,0.0,16176.0
2023-12-21,3,0,9,0,0.0004261732051702,27.3248349978486,13.873318997669855,0.0,14951.0
2023-12-22,4,0,10,2,0.0145122391472796,27.79404612638644,14.766315054867334,0.0,15266.0
2023-12-23,5,3,11,2,0.0214280861428051,27.6211698399286,14.813035762211712,0.0,19777.0
2023-12-24,6,3,12,2,0.0194440279201323,28.119295787027283,15.336357098091582,0.0,18146.0
2023-12-25,0,3,13,2,0.0389128749193529,28.57366309166946,16.323192672479593,0.0,15742.0
2023-12-26,1,3,14,2,0.0374809987050361,28.798103253792306,16.15188993968394,0.0,16242.0
2023-12-27,2,0,15,0,0.036682058858808,28.109823377072303,16.30027509495818,0.0,18568.0
2023-12-28,3,0,16,0,0.0069553510076441,27.678450578681407,16.101169246439838,0.0,16998.0
2023-12-29,4,0,17,0,0.0011398603731552,27.51271941075277,15.910034794585895,0.0,17158.0
2023-12-30,5,0,18,2,0.0008534216460218,28.1324666091582,15.940834017918462,0.0,15315.0
2023-12-31,6,0,19,2,0.0106718304448787,27.882039098733287,15.893524540569672,0.0,15431.0
2024-01-01,0,2,20,2,0.0677957838831764,27.76038156604443,16.211439471407402,0.0,14581.0
2024-01-02,1,0,21,0,0.0761880888864047,27.143226627441948,16.0987037900814,0.0,18460.0
2024-01-03,2,0,22,0,0.8229722536490001,27.54664362997181,18.57361538977466,0.0,17527.0
2024-01-04,3,0,23,0,0.1274785417177686,28.293700646207185,17.61170308035412,0.0,16248.0
2024-01-05,4,0,24,0,0.0086120677343163,28.158186377900904,17.131227100559272,0.0,16191.0
2024-01-06,5,0,25,2,0.0334950885597345,28.25685103523233,17.130104290462725,0.0,14346.0
2024-01-07,6,0,26,2,0.0086467339418064,27.03632879870344,17.297972615357367,0.0,14363.0
2024-01-08,0,0,27,0,0.0078614555429491,28.27691630281032,16.840232178813324,0.0,13725.0
2024-01-09,1,0,28,0,0.1174842512838429,27.88023934512472,17.644599052323144,0.0,12705.0
2024-01-10,2,0,29,0,0.4557004481679152,27.98082714803286,18.163298887379085,0.0,13560.0
2024-01-11,3,0,0,0,0.0335813160635379,29.98680082807317,19.192090894599744,0.0,15643.0
2024-01-12,4,0,1,2,0.0287342765695016,30.142274623388573,18.915828135992854,0.0,16162.0
2024-01-13,5,0,2,2,0.0017052485218139,30.52440519872107,19.049111896125567,0.0,16065.0
2024-01-14,6,3,3,2,0.0105228189930273,31.024271234850858,18.877789045936368,0.0,14052.0
2024-01-15,0,3,4,2,0.0020574591070976,30.28643299965381,19.40679950109734,0.0,11018.0
2024-01-16,1,3,5,2,0.0175053609570355,29.52184228976455,19.28134945194876,0.0,15771.0
2024-01-17,2,0,6,2,0.0084987620328126,29.379879988904463,19.379468598291737,0.0,17422.0
2024-01-18,3,0,7,0,0.004817822163642,28.691552918019568,18.554133957534475,0.0,17021.0
2024-01-19,4,0,8,0,0.0513146179223771,29.49686167055995,19.611230885570706,0.0,14857.0
2024-01-20,5,0,9,2,0.7617367828871657,28.55797806296681,19.490729186468343,0.0,16608.0
2024-01-21,6,0,10,2,0.3066811471683817,29.54560323383862,20.15887962657314,0.0,17909.0
2024-01-22,0,0,11,0,0.0306735719713043,30.132491515543503,20.61274870627437,0.0,16783.0
2024-01-23,1,0,12,0,1.4398995097739982,30.664627058839187,20.3753087489481,0.0,16125.0
2024-01-24,2,0,13,0,13.047012728472458,28.65498549186748,20.430926960479155,0.0,15223.0
2024-01-25,3,1,14,0,2.6134801971237187,27.8711947597007,18.69319585395442,0.0,14209.0
2024-01-26,4,2,15,2,5.3141894343957405,28.90177881525625,18.066947345565325,0.0,16176.0
2024-01-27,5,0,16,2,0.8930443985146028,28.27258691285357,17.148361762537547,0.0,15898.0
2024-01-28,6,0,17,2,0.0847546602413468,29.09561503675485,16.248016030975634,0.0,16526.0
2024-01-29,0,0,18,0,0.2110811782365098,28.94426562977668,17.404116474859734,0.0,19259.0
2024-01-30,1,0,19,0,0.0231117395070527,29.28190223386639,17.31555764399758,0.0,15325.0
2024-01-31,2,0,20,0,0.0073552116290898,29.71046613880867,17.831655998454323,0.0,15446.0
2024-02-01,3,0,21,0,0.8527240279452766,30.462650456594133,18.83071684755868,0.0,15878.0
2024-02-02,4,0,22,0,9.203582411836615,30.37399324371546,20.204467268093023,0.0,15399.0
2024-02-03,5,0,23,2,6.1963583487350204,29.40768383457953,20.0080787341239,0.0,15544.0
2024-02-04,6,0,24,2,0.2928260443107077,30.97066446300812,19.66235122884536,0.0,17407.0
2024-02-05,0,0,25,0,0.0032398542998233,32.23304222642986,20.24033344529971,0.0,18652.0
2024-02-06,1,0,26,0,0.1494529795279265,32.6293382600889,21.004816619188944,0.0,17205.0
2024-02-07,2,0,27,0,0.0445709678380374,33.87620367197968,21.34120317429739,0.0,17102.0
2024-02-08,3,1,28,0,0.0408169235745824,32.16091387321114,21.068033545934952,0.0,15653.0
2024-02-09,4,0,29,0,0.006266642937142,32.20867068240472,20.197126279899862,0.0,16366.0
2024-02-10,5,0,0,2,3.535946245690684,31.56858769502327,21.813174908528424,0.0,20197.0
2024-02-11,6,0,1,2,1.9721667563136,31.2907401110802,20.24196129963957,0.0,19789.0
2024-02-12,0,0,2,0,0.1692670599614527,31.21396617431384,19.149287066235274,0.0,21483.0
2024-02-13,1,0,3,0,0.129121386388694,31.37607854774313,18.6808168428708,0.0,16971.0
2024-02-14,2,1,4,0,0.1560388749165132,32.0150818131774,19.36893136543557,0.0,18969.0
2024-02-15,3,0,5,0,0.0637031538993319,31.383090587277763,18.904560542970955,0.0,18288.0
2024-02-16,4,0,6,0,0.0159161209005087,31.714823018828213,17.824799397131073,0.0,18907.0
2024-02-17,5,0,7,2,0.0151565975336886,32.598110457689415,18.35071789340401,0.0,18068.0
2024-02-18,6,0,8,2,0.001710653293685,33.104247168887184,18.85003359486865,0.0,19525.0
2024-02-19,0,0,9,0,0.027379966381477,33.075587330227904,19.745243781938257,0.0,17010.0
2024-02-20,1,0,10,0,0.0196305647688476,33.28656194245161,20.433842123889065,0.0,15556.0
2024-02-21,2,0,11,0,0.0274181948233593,33.426848312364825,20.63177529039467,0.0,12057.0
2024-02-22,3,0,12,0,0.0054808595060144,33.120706928373465,19.871587487349583,0.0,11176.0
2024-02-23,4,0,13,0,22.046980879225924,31.754289548332736,20.756728726023823,0.0,13408.0
2024-02-24,5,0,14,2,11.88047373204169,31.68412164653796,22.20715411642124,0.0,13622.0
2024-02-25,6,0,15,2,10.736165283736366,30.79607654399672,21.708418867904072,0.0,16963.0
2024-02-26,0,1,16,0,1.8302762732200577,31.33296029505317,20.90661969940157,0.0,20902.0
2024-02-27,1,0,17,0,0.1062523287186072,32.82516926939411,20.29810587154583,0.0,16828.0
2024-02-28,2,0,18,0,0.0381040140106855,33.22613708677221,20.874018622294045,0.0,18860.0
2024-02-29,3,0,19,0,0.0016514500305145,32.988250519521046,21.322785254864584,0.0,18297.0
2024-03-01,4,0,20,0,0.0017046926359398,33.81031765588659,21.920251409592368,0.0,17497.0
2024-03-02,5,0,21,2,0.0052728780304864,35.07934049726424,22.11751562969482,0.0,17733.0
2024-03-03,6,0,22,2,0.034822553450246,34.46464690754431,22.12201341178809,0.0,20178.0
2024-03-04,0,0,23,0,0.0287890127372636,33.80462048400136,21.61965112570789,0.0,21262.0
2024-03-05,1,0,24,0,0.0236641600473984,34.280132841452144,22.389108241561303,0.0,17396.0
2024-03-06,2,0,25,0,0.0157438532446607,35.600474915859934,23.203513969645428,0.0,18294.0
2024-03-07,3,0,26,0,0.0167512110799645,35.02475041663837,22.76746223927944,0.0,18410.0
2024-03-08,4,2,27,2,0.0057474003784038,34.976080893547135,21.59745099617044,0.0,13979.0
2024-03-09,5,0,28,2,0.0024303172807192,34.384362561861735,22.64961694163418,0.0,14538.0
2024-03-10,6,0,0,2,1.2684586878625057,32.81985766314955,23.183305461175166,0.0,15836.0
2024-03-11,0,0,1,0,0.1537770533780563,32.41898052701691,22.64455716607631,0.0,18606.0
2024-03-12,1,0,2,0,0.005158378309521,35.257872378476975,22.986841344472,0.0,15310.0
2024-03-13,2,0,3,0,0.0376057518947948,36.266424914108086,24.696491517390427,0.0,17051.0
2024-03-14,3,0,4,0,0.1979592392138554,34.57263943650173,24.096980682615936,0.0,18574.0
2024-03-15,4,0,5,0,0.0572139840853049,34.86407486470529,23.35029895012821,0.0,17931.0
2024-03-16,5,0,6,2,35.25401888358248,33.091001996471505,23.27428562677511,0.0,17742.0
2024-03-17,6,0,7,2,8.092699581468395,31.232883997042848,23.38981273172664,0.0,17521.0
2024-03-18,0,0,8,0,1.3885527718218649,31.866748994840293,23.02962398546265,0.0,18952.0
2024-03-19,1,0,9,0,10.741276146085369,33.4820367731071,22.533723010311576,0.0,15900.0
2024-03-20,2,0,10,0,9.231389396003468,30.81370017738209,21.11785380097541,0.0,15940.0
2024-03-21,3,0,11,0,0.5541251471768033,32.66893488999551,20.64925968326781,0.0,15410.0
2024-03-22,4,0,12,0,0.067242136371424,34.10359172137879,21.397970658601764,0.0,16976.0
2024-03-23,5,0,13,2,0.0169681123625903,34.98817584575954,22.47217714568609,0.0,17682.0
2024-03-24,6,0,14,2,0.0272895360601727,35.25721411168081,23.21918160190944,0.0,17118.0
2024-03-25,0,2,15,2,0.0597743883495865,35.64504287168063,22.98195043214855,1.0,15741.0
2024-03-26,1,0,16,0,0.0034532584463762,36.37540350128052,23.403062991054355,1.0,19311.0
2024-03-27,2,0,17,0,0.0094994704050828,36.371238225483694,22.31854544659893,1.0,19439.0
2024-03-28,3,0,18,0,0.0129215783486233,37.40200298343194,23.005560651184112,1.0,22100.0
2024-03-29,4,2,19,2,0.7961711786251985,37.32158840579035,24.75669662793609,1.0,18569.0
2024-03-30,5,0,20,2,0.0526415523622088,37.42344215368684,24.323002715457847,1.0,19195.0
2024-03-31,6,1,21,2,0.0136626117068772,37.110206520165605,24.27109997433888,1.0,20021.0
2024-04-01,0,0,22,0,0.0031803170624948,38.44176087571708,24.178280071166512,1.0,21574.0
2024-04-02,1,0,23,0,0.375953333954661,37.65715595064989,25.23756293571114,1.0,17139.0
2024-04-03,2,0,24,0,0.0320278248356328,37.53929858432133,25.237570067172896,1.0,17855.0
2024-04-04,3,0,25,0,0.019129194664816,38.5331131510232,25.25387689801005,1.0,21130.0
2024-04-05,4,2,26,2,0.0631532709699511,39.66259569647656,26.126356228715167,1.0,19153.0
2024-04-06,5,0,27,2,0.0083253621270753,39.63294176890372,26.81468211668192,1.0,17964.0
2024-04-07,6,1,28,2,0.0047593036249162,39.49835038588532,26.453353020642567,1.0,19220.0
2024-04-08,0,0,0,1,0.300239188874354,36.91342424101913,24.453594477918216,1.0,17662.0
2024-04-09,1,2,1,1,8.288589784549433,34.49617407689237,24.08383224915343,1.0,12852.0
2024-04-10,2,0,2,1,0.7424138443867295,35.92754641087879,24.182886851842568,1.0,16265.0
2024-04-11,3,2,3,1,4.551232289439249,33.06410715456701,25.01485545416972,1.0,16436.0
2024-04-12,4,2,4,1,30.45780490477,32.711683989543815,24.65598951668295,1.0,17311.0
2024-04-13,5,0,5,2,7.579459084330201,33.6970894780095,24.969317960093065,1.0,16518.0
2024-04-14,6,2,6,1,2.3695132555269964,36.28990142411192,25.65317134170965,1.0,17725.0
2024-04-15,0,0,7,1,0.1363733231187007,37.86145766724036,25.37742798860228,1.0,18792.0
2024-04-16,1,0,8,1,0.0013253121391368,38.710663977203694,25.886399224232093,1.0,15244.0
2024-04-17,2,2,9,1,0.395127471561086,38.52743717600441,26.22964117657,1.0,12657.0
2024-04-18,3,0,10,1,0.1078673851080498,39.13058095112643,26.89129538471952,1.0,15053.0
2024-04-19,4,0,11,2,5.16094249268731,38.89606345892906,27.7569560644684,1.0,16798.0
2024-04-20,5,0,12,2,24.70703817917356,37.103466174115056,27.54984922260684,1.0,18088.0
2024-04-21,6,1,13,2,8.217216999843544,38.5995642298389,27.064965704333304,1.0,18148.0
2024-04-22,0,0,14,2,5.253106659874719,37.5127571848995,26.48100932018889,1.0,19245.0
2024-04-23,1,0,15,2,0.3903305656286175,38.4259833821435,25.52458446615674,1.0,18355.0
2024-04-24,2,0,16,2,0.0070620996183988,38.70379599832768,24.57902693335353,1.0,18304.0
2024-04-25,3,0,17,2,0.0094433484715753,39.043873802995165,26.16401888666905,1.0,19119.0
2024-04-26,4,0,18,2,0.1127896821977501,39.97719561258248,26.681180163569763,1.0,19853.0
2024-04-27,5,0,19,2,0.6618201849140823,39.46723594985946,26.437966396733373,1.0,18924.0
2024-04-28,6,0,20,2,0.064180105986207,40.67329612587952,27.4554762477768,1.0,19088.0
2024-04-29,0,0,21,2,0.0849291562016581,40.02959532100084,27.00165182590388,1.0,19812.0
2024-04-30,1,0,22,2,0.0064540500811968,40.54227757686186,27.31695590589885,1.0,17549.0
2024-05-01,2,0,23,2,0.0217737927485951,42.163071874237176,28.132225210420074,1.0,17256.0
2024-05-02,3,0,24,2,0.0123855320279609,41.42994371047712,26.43416172116804,1.0,14967.0
2024-05-03,4,0,25,2,0.0008523463179699,41.663904926646126,25.87441623471221,1.0,17631.0
2024-05-04,5,0,26,2,7.603544696882977,41.34125730824718,27.593062011490872,1.0,16125.0
2024-05-05,6,0,27,2,9.393143509103597,39.9764984414179,27.3759604969174,1.0,18291.0
2024-05-06,0,0,28,2,4.909635650710234,40.88317681797696,27.131804851902416,1.0,18915.0
2024-05-07,1,0,29,2,46.15660907860297,37.76650594994777,24.88298558895343,1.0,16544.0
2024-05-08,2,0,0,2,5.1654697873206725,37.526763664901296,25.435220730003262,1.0,16528.0
2024-05-09,3,0,1,2,13.001056262802887,35.97050047906646,25.56633911242369,1.0,18798.0
2024-05-10,4,1,2,2,45.00986379663936,36.27541425227611,25.79330055757191,1.0,17392.0
2024-05-11,5,0,3,2,4.504610228097671,37.26158547745507,26.603131103004728,1.0,17978.0
2024-05-12,6,0,4,2,18.166168328294443,36.71752282886979,25.51358724764185,1.0,16151.0
2024-05-13,0,0,5,2,11.078004440068105,35.855766525437446,25.528316294425,1.0,14861.0
2024-05-14,1,0,6,2,29.035819348719137,35.64860137704102,24.988148073475884,1.0,16655.0
2024-05-15,2,0,7,2,23.74713935812009,34.47117985632235,24.818490708411844,1.0,17061.0
2024-05-16,3,0,8,2,70.4385055450414,33.7984971346645,23.964472781785503,1.0,16904.0
2024-05-17,4,0,9,2,235.69919642489253,30.71964472339596,23.67578731642186,1.0,17841.0
2024-05-18,5,0,10,2,118.9402388045777,31.542473131203,24.820017425704748,1.0,17470.0
2024-05-19,6,0,11,2,20.5406388832727,32.626024816617985,24.942728767867152,1.0,19683.0
2024-05-20,0,0,12,2,29.43913209005758,33.36776539696854,25.34468872076184,1.0,20173.0
2024-05-21,1,0,13,2,66.4432749681315,35.751270684157134,25.9736107532234,1.0,17671.0
2024-05-22,2,0,14,2,97.30292704330908,35.09226378871239,26.044487811015472,1.0,19313.0
2024-05-23,3,1,15,2,16.63659309751094,36.00718564327656,26.55861936255809,1.0,18100.0
2024-05-24,4,0,16,2,10.494619324277826,37.71906435186543,26.957632258774822,1.0,18792.0
2024-05-25,5,0,17,2,1.052904407760293,36.03227013435611,28.13455516730511,1.0,17025.0
2024-05-26,6,0,18,2,2.964224847985037,38.8139881015469,28.74971693779827,1.0,18374.0
2024-05-27,0,0,19,2,3.3946336111997364,38.06543909773393,29.365831177966182,1.0,21292.0
2024-05-28,1,0,20,2,0.3544733200785996,36.79349739024292,28.519665564803063,1.0,17951.0
2024-05-29,2,0,21,2,0.0623274503429079,38.794751022540765,28.84944066688371,1.0,17871.0
2024-05-30,3,0,22,2,0.0654662887453555,39.45548358941341,29.50088157049288,1.0,17703.0
2024-05-31,4,0,23,2,1.682923026776887,39.71428934188685,29.54752793047345,1.0,16414.0
2024-06-01,5,0,24,2,11.179210187694023,38.39004448968359,27.921747727234106,1.0,17438.0
2024-06-02,6,0,25,2,8.603197323748647,34.25511516016388,26.068507019170283,1.0,18788.0
2024-06-03,0,0,26,2,1.80775570056644,33.73517284789631,26.138357384665312,1.0,19826.0
2024-06-04,1,0,27,2,55.3610714236215,34.27058324318301,26.54263106911975,1.0,17274.0
2024-06-05,2,0,28,2,46.779644917220914,35.08076448969899,24.729076664293245,2.0,17829.0
2024-06-06,3,0,0,2,98.00095224020656,33.559101763903016,24.62676894621586,2.0,15895.0
2024-06-07,4,0,1,2,22.09871629759589,32.43189314506492,25.1246848879033,2.0,18467.0
2024-06-08,5,0,2,2,22.774323679561306,30.74466977309441,24.58711423856965,2.0,17468.0
2024-06-09,6,0,3,2,62.3033474246872,31.62905230234236,24.46330185017473,2.0,19254.0
2024-06-10,0,0,4,0,219.2463049260949,32.03856707190596,24.200555682062543,2.0,20960.0
2024-06-11,1,0,5,0,97.25228402562256,29.783184039325874,24.234818666820047,2.0,17905.0
2024-06-12,2,0,6,0,15.490181548764332,32.61817488493341,24.93753817436732,2.0,18215.0
2024-06-13,3,0,7,0,84.28759387926688,33.53742976023364,24.864622912273774,2.0,17485.0
2024-06-14,4,0,8,0,58.19129295681599,32.39441525730558,24.979820474308724,2.0,16985.0
2024-06-15,5,0,9,2,29.852902688569984,32.98154239216285,25.632958684508083,2.0,17251.0
2024-06-16,6,0,10,2,19.488444820248045,33.218552457651185,25.873135136448127,2.0,18881.0
2024-06-17,0,2,11,2,24.44045012136142,33.60051298890011,25.821132898911458,2.0,18519.0
2024-06-18,1,0,12,0,32.58541711686194,33.49051399094378,25.780075839656263,2.0,19845.0
2024-06-19,2,0,13,0,8.200256680669797,31.6881847721408,26.260754087337773,2.0,18429.0
2024-06-20,3,0,14,0,8.854587889908709,31.74638316030928,25.995925521987544,2.0,16501.0
2024-06-21,4,0,15,0,29.4211346409863,32.09972703877315,24.75272510289545,2.0,17177.0
2024-06-22,5,0,16,2,60.81854080867561,29.82803465642212,24.09057809662385,2.0,17067.0
2024-06-23,6,0,17,2,59.20742093837187,29.91003020919686,23.964993601553545,2.0,16168.0
2024-06-24,0,0,18,0,7.654243839238042,31.551124494148382,24.76331620013724,2.0,19081.0
2024-06-25,1,1,19,0,24.56625226910836,31.36066446906364,24.75798316007723,2.0,16481.0
2024-06-26,2,0,20,0,81.80762165879526,31.40325076758836,24.62117240900227,2.0,17235.0
2024-06-27,3,0,21,0,297.33102424398965,27.227619750109284,23.348515068064785,2.0,15813.0
2024-06-28,4,0,22,0,202.2770655733608,28.189114357466167,23.30134774288564,2.0,15926.0
2024-06-29,5,0,23,2,89.30845994510601,28.543268303951947,24.124394779599697,2.0,14877.0
2024-06-30,6,0,24,2,98.59538623620976,28.223346318132656,23.970993879722187,2.0,14329.0
2024-07-01,0,0,25,0,14.71228877073326,29.456341192845287,23.99737946609838,2.0,19135.0
2024-07-02,1,0,26,0,5.051702512952249,30.577049778569062,24.750353219480985,2.0,15933.0
2024-07-03,2,0,27,0,10.759742083612622,29.825125718421816,24.678257727892003,2.0,15281.0
2024-07-04,3,0,28,0,81.47691344261344,30.6727451595944,24.77701867425378,2.0,16103.0
2024-07-05,4,0,29,0,24.38850509314481,30.39227336404344,24.57360552713567,2.0,13929.0
2024-07-06,5,0,0,2,50.81202357841576,29.43503505570419,23.56747782230008,2.0,15102.0
2024-07-07,6,1,1,2,119.8078886399802,27.91020312356028,23.48112869486028,2.0,15311.0
2024-07-08,0,0,2,0,87.45946871146282,27.27231052737119,23.507503305413707,2.0,17712.0
2024-07-09,1,0,3,0,149.06067144002574,27.42236658886884,23.111574232847147,2.0,16314.0
2024-07-10,2,0,4,0,29.95706370657611,29.45732326139006,22.864779388459283,2.0,14275.0
2024-07-11,3,0,5,0,16.955045332051142,30.1914668624458,24.659094245486017,2.0,16115.0
2024-07-12,4,0,6,0,38.27336044168335,30.15447797676188,24.374176316325418,2.0,16142.0
2024-07-13,5,0,7,2,98.85986361796816,27.94207113889729,23.534477358154103,2.0,17438.0
2024-07-14,6,0,8,2,273.11852837177406,25.3645560381035,23.382613249357064,2.0,16440.0
2024-07-15,0,0,9,0,241.68227754793435,26.664256237320785,23.34751378391951,2.0,19556.0
2024-07-16,1,1,10,0,170.18579805935835,27.692557276047864,23.35959734263656,2.0,16618.0
2024-07-17,2,2,11,2,222.5086451583686,27.83774679929411,23.18789495384669,2.0,13399.0
2024-07-18,3,0,12,0,234.6917717303237,26.63088138878601,23.382686085579905,2.0,14938.0
2024-07-19,4,0,13,0,511.6063459652854,25.520155614466773,22.9465212377159,2.0,16063.0
2024-07-20,5,0,14,2,488.60933937212025,24.400969250582705,22.83793530176501,2.0,14242.0
2024-07-21,6,0,15,2,259.6771519726963,25.860199595349343,22.96363047134037,2.0,14667.0
2024-07-22,0,0,16,0,121.82091249198189,27.91623731654528,23.058172381572376,2.0,16564.0
2024-07-23,1,0,17,0,219.50913419981268,26.99801493628973,23.097736422212503,2.0,16548.0
2024-07-24,2,0,18,0,228.6864743543612,24.829927823670342,22.98687267573217,2.0,14814.0
2024-07-25,3,0,19,0,304.93787544641623,25.76349731874211,22.593637653784185,2.0,15021.0
2024-07-26,4,0,20,0,221.47074153837656,25.089030227006106,22.59827298671513,2.0,16428.0
2024-07-27,5,0,21,2,117.86422460652447,27.561176112187862,23.306643127455686,2.0,16291.0
2024-07-28,6,0,22,2,38.85598204435533,28.320396396943465,23.32606622164093,2.0,17021.0
2024-07-29,0,2,23,2,33.19047375126372,29.042086271776213,24.25179447509322,2.0,15475.0
2024-07-30,1,0,24,0,10.673687829409424,30.52225394726389,24.461303647483646,2.0,18597.0
2024-07-31,2,0,25,0,90.98372948781773,29.71976687476036,23.855096922587904,2.0,17065.0
2024-08-01,3,0,26,0,102.59112267365518,28.25560636305068,23.12081881816823,2.0,15847.0
2024-08-02,4,0,27,0,186.4540896566612,27.79427668000676,23.09588048255887,2.0,16292.0
2024-08-03,5,0,28,2,37.38212372092927,28.401517274541902,23.07660947973068,2.0,15595.0
2024-08-04,6,0,0,2,61.101399342333366,28.23914052443763,23.51846852137481,2.0,14940.0
2024-08-05,0,0,1,0,19.12084300908844,29.69158219669828,23.793129489874616,2.0,17851.0
2024-08-06,1,0,2,0,106.87105569845367,28.08135997507424,23.18957969984461,2.0,15692.0
2024-08-07,2,0,3,0,274.33449759936013,25.6989571684677,22.9769231129614,2.0,15917.0
2024-08-08,3,0,4,0,73.4966908885886,28.36337218506145,22.9863051932602,2.0,15876.0
2024-08-09,4,0,5,0,5.822244740434829,29.73778844233664,23.945601175245088,2.0,17730.0
2024-08-10,5,0,6,2,4.746243148487591,29.642028825583225,23.819282967921083,2.0,17043.0
2024-08-11,6,0,7,2,3.614008339928653,29.70619226250756,23.89894136943093,2.0,16309.0
2024-08-12,0,0,8,0,7.417202744525204,29.55891859527213,23.80467618081451,2.0,17946.0
2024-08-13,1,0,9,0,19.738242667720467,30.18691882362299,23.74860766590484,2.0,16862.0
2024-08-14,2,0,10,0,11.094404598195675,29.76460190837355,23.900308453900152,2.0,15630.0
2024-08-15,3,2,11,2,16.314134597437825,30.75015618941348,23.911254228751545,2.0,16184.0
2024-08-16,4,1,12,0,81.35710338328215,30.14098194494221,24.137801341691272,2.0,16570.0
2024-08-17,5,0,13,2,57.38016414033437,30.19304498835328,23.98341640466026,2.0,17497.0
2024-08-18,6,0,14,2,60.55488684607723,30.1032759061514,23.79592252370469,2.0,18599.0
2024-08-19,0,1,15,0,164.19481438636632,29.30170168482244,23.55505548222328,2.0,21966.0
2024-08-20,1,0,16,0,149.6464290077582,29.879096634381256,23.421768160193835,2.0,22382.0
2024-08-21,2,0,17,0,60.635812824475614,30.855888258885784,23.709214073998965,2.0,21045.0
2024-08-22,3,0,18,0,38.34199020070236,29.703851690272984,23.90871219671402,2.0,19108.0
2024-08-23,4,0,19,0,6.420987089494533,29.16253124570557,23.825689842599274,2.0,18359.0
2024-08-24,5,0,20,2,148.0200471340494,27.10439270235201,22.82257063217918,2.0,15825.0
2024-08-25,6,0,21,2,50.56398931792853,27.49919426211494,22.663390744848755,2.0,15858.0
2024-08-26,0,2,22,2,16.941140866993123,29.60530930588334,23.52856673080192,2.0,17621.0
2024-08-27,1,0,23,0,4.86580809837936,29.063712606538843,23.5603272970327,2.0,18638.0
2024-08-28,2,0,24,0,9.685789575468805,29.38452784141498,23.41962506940962,2.0,17624.0
2024-08-29,3,0,25,0,33.797728106900344,28.98414845571688,23.27290910123349,2.0,17404.0
2024-08-30,4,0,26,0,388.4841501246137,26.68191081958668,23.352296247497748,2.0,15721.0
2024-08-31,5,0,27,2,311.6361071563652,24.814144039821315,22.93151728738337,2.0,12566.0
2024-09-01,6,0,28,2,1456.2116017203334,23.43264636085996,21.65937700156536,2.0,8863.0
2024-09-02,0,0,29,0,358.7217362822694,25.33156935434249,22.48798010278466,2.0,10949.0
2024-09-03,1,0,0,0,48.26351272837354,27.144814518750422,23.4930821899286,2.0,15452.0
2024-09-04,2,0,1,0,252.8972813760452,26.40475736395905,23.239113083054463,2.0,12820.0
2024-09-05,3,0,2,0,54.38333789880088,28.711181770916824,23.11306420447505,2.0,16596.0
2024-09-06,4,0,3,0,104.9039549704584,28.82296893779676,23.393297446741087,2.0,16321.0
2024-09-07,5,2,4,2,91.81735127961184,27.844347505171527,23.42619396733096,2.0,13931.0
2024-09-08,6,0,5,2,164.77531801897285,25.78245025453953,23.455760736490163,2.0,13816.0
2024-09-09,0,0,6,0,347.83991067673776,24.524275340500765,23.337943053163087,2.0,18538.0
2024-09-10,1,0,7,0,35.13866746302759,28.4035673811631,23.15237252759397,2.0,14929.0
2024-09-11,2,0,8,0,1.9761072412513552,29.581343632674304,23.26204963545541,2.0,14277.0
2024-09-12,3,0,9,0,1.0469212380541024,28.834287885276808,23.21659556106607,2.0,13776.0
2024-09-13,4,0,10,0,1.353900222843739,29.3757716454125,22.919912219079947,2.0,15656.0
2024-09-14,5,0,11,2,1.8121754397529533,29.393217254277943,22.78927411629764,2.0,17072.0
2024-09-15,6,0,12,2,2.272087324491436,29.32941316408148,23.019885502100067,3.0,15114.0
2024-09-16,0,2,13,2,2.305504171831375,28.366956265788247,23.15188653514377,3.0,14642.0
2024-09-17,1,0,14,0,3.776644396896843,29.537046410373364,22.92335358137012,3.0,14439.0
2024-09-18,2,0,15,0,2.2046145485925432,29.66175477048336,22.460973657443617,3.0,17435.0
2024-09-19,3,0,16,0,5.7854844469068265,30.29057175800937,22.42568376960594,3.0,14234.0
2024-09-20,4,0,17,0,107.6381104267766,30.54539073699777,23.23885106795564,3.0,18687.0
2024-09-21,5,0,18,2,276.16231674615926,29.915075092037625,22.928545374095563,3.0,13748.0
2024-09-22,6,0,19,2,42.62654223081256,28.57577672755412,22.95809751961508,3.0,15471.0
2024-09-23,0,0,20,0,189.65310633684987,29.394945863893724,23.059553877802955,3.0,15928.0
2024-09-24,1,0,21,0,111.60518576487377,29.26519215313084,23.141516972503386,3.0,14800.0
2024-09-25,2,0,22,0,153.61278709242475,26.47735921949948,23.43149443467536,3.0,15922.0
2024-09-26,3,0,23,0,30.6300933634125,28.23911982629511,23.548087778134857,3.0,15553.0
2024-09-27,4,0,24,0,2.6251027162202387,29.562698351430868,23.585054768154865,3.0,14674.0
2024-09-28,5,0,25,2,4.5082002132009205,29.57445438865836,23.40123770917637,3.0,17259.0
2024-09-29,6,0,26,2,16.305720803979444,30.47222833171208,23.4494795126418,3.0,16682.0
2024-09-30,0,0,27,0,27.049755011249893,30.273606686297683,23.35235897378857,3.0,18058.0
2024-10-01,1,0,28,0,38.71060589554192,31.004330951798124,23.01887700653657,3.0,16990.0
2024-10-02,2,2,29,2,54.81320909340899,31.5257746144635,23.546356705323944,3.0,14961.0
2024-10-03,3,0,0,2,48.42328806912869,31.36502887266039,24.083492981970323,3.0,15219.0
2024-10-04,4,0,1,2,11.37675176389446,30.7928566499819,23.9336373947541,3.0,17631.0
2024-10-05,5,0,2,2,5.404547529480838,30.32009715218101,23.4380807606766,3.0,17698.0
2024-10-06,6,0,3,2,11.44299548719446,30.618660956609403,23.153138414118985,3.0,16780.0
2024-10-07,0,0,4,2,24.828391202147696,29.8681703266833,22.798176132853428,3.0,17128.0
2024-10-08,1,0,5,2,13.151064322478888,29.586605881547484,22.37140552597657,3.0,16184.0
2024-10-09,2,0,6,2,15.795281504425162,29.12026533136793,22.83808064659576,3.0,16633.0
2024-10-10,3,3,7,2,43.82413382744588,28.756596904305862,22.34446457570885,3.0,13509.0
2024-10-11,4,3,8,2,75.38738070586633,28.26239246611777,22.52059441104808,3.0,13301.0
2024-10-12,5,3,9,2,52.02208941480326,29.04989494919886,22.975965499783968,3.0,6609.0
2024-10-13,6,3,10,2,12.608561678671617,29.14139114813014,22.86422447607248,3.0,10426.0
2024-10-14,0,0,11,2,14.554600542801504,29.52402948123705,22.98409065971134,3.0,18344.0
2024-10-15,1,1,12,0,62.36714081832353,28.855792620946943,22.70614272769848,3.0,16302.0
2024-10-16,2,0,13,0,71.8881752021591,30.18563089790217,22.530387858350025,3.0,16026.0
2024-10-17,3,0,14,0,71.31023978923396,28.85139549993465,23.141830129451137,3.0,15692.0
2024-10-18,4,0,15,0,61.407471142988726,28.866579200848776,23.038317905218378,3.0,16055.0
2024-10-19,5,0,16,2,45.12463902371522,29.83513143863792,22.40776527652997,3.0,15729.0
2024-10-20,6,0,17,2,42.152593359054414,28.3878531212452,22.24838848472598,3.0,15106.0
2024-10-21,0,0,18,1,43.537133705663344,28.8834411282042,21.931040038425067,3.0,17674.0
2024-10-22,1,0,19,1,40.19544284302142,28.738353170021355,21.566655273763843,3.0,13373.0
2024-10-23,2,0,20,1,3.033802972487495,29.78477817369037,20.4853865886264,3.0,14117.0
2024-10-24,3,0,21,1,0.1911090482207789,29.12369232266593,20.41586737552194,3.0,12664.0
2024-10-25,4,0,22,1,0.0203309833742296,29.231508818105112,21.34784575911948,3.0,14626.0
2024-10-26,5,0,23,2,0.0205573491145413,29.443350077727644,19.897518971014502,3.0,14330.0
2024-10-27,6,0,24,2,0.1380886346573108,29.488975954270074,19.606558482767355,3.0,15260.0
2024-10-28,0,0,25,1,0.9019900906024269,29.27201659320445,21.07514961397203,3.0,17323.0
2024-10-29,1,0,26,1,7.932309192228568,29.547140696943075,21.559062883022023,3.0,15569.0
2024-10-30,2,1,27,1,156.25081829974914,29.051770804468102,22.306316838415285,3.0,16979.0
2024-10-31,3,2,28,1,28.187877519298503,29.01639046929131,22.016493436574933,3.0,14841.0
2024-11-01,4,0,0,0,82.834774430677,28.8319694860594,21.96907087933289,3.0,14726.0
2024-11-02,5,0,1,2,18.83025666026602,29.172739455058263,21.63934267958217,3.0,15756.0
2024-11-03,6,0,2,2,6.914445655227234,28.13353096254326,21.262937816219846,3.0,17658.0
2024-11-04,0,0,3,0,4.621398361919995,28.41184493742685,19.748721066353937,3.0,19811.0
2024-11-05,1,0,4,0,0.2244160552701248,29.12297781140927,19.17907698920624,3.0,16020.0
2024-11-06,2,0,5,0,0.0159326686457461,29.31269310606609,19.65688339249124,3.0,14721.0
2024-11-07,3,0,6,0,0.0042782476725733,29.08783951243197,19.24995670187019,3.0,15003.0
2024-11-08,4,0,7,0,0.0146653351729909,28.855406952105227,19.161158697908206,3.0,16241.0
2024-11-09,5,0,8,2,0.005576839868562,28.743124131305137,19.53015972861624,3.0,15464.0
2024-11-10,6,0,9,2,0.0045590896268226,28.967157195882805,19.1640749668353,3.0,16459.0
2024-11-11,0,2,10,2,0.005143880716929,28.39587207084429,19.254195051447084,3.0,20138.0
2024-11-12,1,0,11,0,0.5264347194962317,28.49134862653977,20.533944255025062,3.0,15817.0
2024-11-13,2,0,12,0,1.5658467047369296,28.73347009732811,21.159483852397614,3.0,17382.0
2024-11-14,3,0,13,0,1.232127216078448,28.432238097799484,21.109253055476188,3.0,15982.0
2024-11-15,4,0,14,0,0.1224489121470156,29.002327696635973,20.56336219437065,3.0,15534.0
2024-11-16,5,1,15,2,0.0074674276448608,28.425373298928207,19.484741639636013,3.0,16068.0
2024-11-17,6,0,16,2,0.0008523463179699,27.550196213440472,18.63734970546136,3.0,18599.0
2024-11-18,0,0,17,0,0.00939816123946,27.120605043362104,16.46404756746307,3.0,20131.0
2024-11-19,1,0,18,0,0.0069215900353469,26.79919031822766,15.861880866586487,3.0,10290.0
2024-11-20,2,0,19,0,0.0012934207234138,26.691159462000087,15.425485805982248,3.0,14341.0
2024-11-21,3,0,20,0,0.022897268138422,26.732181560311343,15.27093220055741,3.0,16019.0
2024-11-22,4,0,21,0,0.008976987221132,26.47819363469813,15.657193694128182,3.0,16524.0
2024-11-23,5,0,22,2,0.0103622661704605,26.5349798046027,15.81642230781847,3.0,16552.0
2024-11-24,6,0,23,2,0.0008642672355563,26.45543665020864,15.879456775684332,3.0,17459.0
2024-11-25,0,0,24,0,0.0137329100766692,26.32118548228982,15.61813354085723,3.0,19417.0
2024-11-26,1,0,25,0,0.0008583068797918,27.12935197585153,16.082946548865493,3.0,16605.0
2024-11-27,2,0,26,0,0.0,26.475297979697416,17.126338664452987,3.0,16546.0
2024-11-28,3,0,27,0,0.0162743343707916,26.11882143621756,16.622535633776238,3.0,13616.0
2024-11-29,4,0,28,0,0.7757084769181157,27.456303638122503,18.821641717661123,3.0,19103.0
2024-11-30,5,0,29,2,15.89099790684152,25.63743565174866,20.49111004623728,0.0,15779.0
2024-12-01,6,0,0,2,29.24399690707208,24.908955522196493,21.54368630795188,0.0,15449.0
2024-12-02,0,0,1,0,25.49299493887869,26.22728306173581,21.487089192181543,0.0,18456.0
2024-12-03,1,0,2,0,18.73079546473291,27.43830599177465,21.54960141724871,0.0,15375.0
2024-12-04,2,0,3,0,21.1934180543792,27.763020057978792,21.369102992827948,0.0,15574.0
2024-12-05,3,0,4,0,11.946995487682353,28.036344241989127,21.25371053776649,0.0,17707.0
2024-12-06,4,0,5,0,9.446416685944094,28.81399139071601,20.708050353197564,0.0,17532.0
2024-12-07,5,0,6,2,34.97438181987044,28.601240569208983,21.19283539525929,0.0,17007.0
2024-12-08,6,0,7,2,16.9929783549977,26.541148317915315,20.917652975615223,0.0,16165.0
2024-12-09,0,0,8,0,24.655900463790744,25.85061429632617,19.92572920874403,0.0,17671.0
2024-12-10,1,0,9,0,2.293990393540385,27.09499805403697,17.86705654023001,0.0,15689.0
2024-12-11,2,0,10,0,0.0517189840882346,26.38015817602428,16.310525273677854,0.0,16356.0
2024-12-12,3,0,11,0,0.0222516452481613,26.31377225164493,15.494609441847215,0.0,16547.0
2024-12-13,4,0,12,0,0.0025736953261912,26.248134423046395,16.28576327985138,0.0,16479.0
2024-12-14,5,0,13,2,0.009527801466902,26.076308318568465,15.884253864971754,0.0,16558.0
2024-12-15,6,0,14,2,0.0008702277227712,25.905567298842243,13.300879183505742,0.0,14606.0
2024-12-16,0,0,15,0,0.0042617320517024,26.18949296251111,12.3363576661842,0.0,16865.0
2024-12-17,1,0,16,0,0.0073203790016407,26.94899217943015,12.574464530840828,0.0,14883.0
2024-12-18,2,0,17,0,0.0176311340851498,27.291383756791845,15.315243540471954,0.0,14531.0
2024-12-19,3,0,18,0,0.5869314318793835,27.72258275582209,16.96392375465871,0.0,14960.0
2024-12-20,4,0,19,0,3.11008184449752,28.55757541827967,20.96322117188788,0.0,15203.0
2024-12-21,5,0,20,2,4.610855488466555,28.88090732255728,19.593462825819813,0.0,14958.0
2024-12-22,6,0,21,2,0.4815794412090208,27.622921156456982,19.20659520353269,0.0,14578.0
2024-12-23,0,0,22,2,0.0176894545754717,28.379582021620426,19.433021973682685,0.0,16505.0
2024-12-24,1,3,23,2,1.8840961352548844,26.90155524718012,20.88523232841601,0.0,17197.0
2024-12-25,2,3,24,2,23.18208122215519,23.78074821737312,20.642242018057857,0.0,15529.0
2024-12-26,3,3,25,2,23.879832719385643,25.869222145276296,20.673039153515617,0.0,16027.0
2024-12-27,4,0,26,2,2.203452541395198,26.06072324667236,18.89023255354988,0.0,15093.0
2024-12-28,5,0,27,2,0.0224876331427615,27.607597445038493,18.09106238065772,0.0,15993.0
2024-12-29,6,0,28,2,0.0035617009357792,28.14718775509669,17.541298731890265,0.0,14866.0
2024-12-30,0,0,29,0,0.0017166137595836,28.88495165875088,17.80705176839274,0.0,15618.0
2024-12-31,1,0,0,0,0.0112200324433586,28.06367523168791,17.33674560812682,0.0,13375.0
2025-01-01,2,2,1,2,0.0018830028158979,27.93447335395274,16.862191178568025,0.0,11907.0
2025-01-02,3,0,2,0,0.0,27.280546297668195,15.82027774334074,0.0,16378.0
2025-01-03,4,0,3,0,0.0128522499949212,27.838534616167863,14.811688389268229,0.0,15206.0
2025-01-04,5,0,4,2,0.0008523463179699,28.028823855898224,13.892760903414114,0.0,14675.0
2025-01-05,6,0,5,2,0.0,27.424477134684764,13.669206055304755,0.0,14195.0
2025-01-06,0,0,6,0,0.0098998601743005,26.827176875065504,14.933962023693368,0.0,15675.0
2025-01-07,1,0,7,0,0.0205771501669005,27.789331664036467,15.200804130845428,0.0,13817.0
2025-01-08,2,0,8,0,0.0132237835828163,26.42748890403061,15.07350597400631,0.0,13779.0
2025-01-09,3,0,9,0,0.0009182049318821,26.220320811848183,14.276413357759624,0.0,15005.0
2025-01-10,4,0,10,0,0.0298609927747389,26.29999922986218,16.563990486246098,0.0,16418.0
2025-01-11,5,3,11,2,0.0076306938701152,26.734863008838204,16.311127953068592,0.0,16775.0
2025-01-12,6,3,12,2,0.0008523463179699,27.039366929350365,16.978745457746356,0.0,15663.0
2025-01-13,0,3,13,2,0.0047415493327207,27.843787630857832,16.272896401417086,0.0,14850.0
2025-01-14,1,3,14,2,0.0282086211939018,27.82955583688056,17.689504604029594,0.0,11335.0
2025-01-15,2,3,15,2,1.03719011638205,26.58771961761738,17.596808838598577,0.0,13250.0
2025-01-16,3,0,16,2,0.3312308832124909,26.998581923688448,17.12214922561094,0.0,17753.0
2025-01-17,4,0,17,2,0.0968283765102541,27.35537515558866,17.471237514077927,0.0,16500.0
2025-01-18,5,0,18,2,0.1733573252361204,26.88781072471312,16.682577479015094,0.0,16291.0
2025-01-19,6,0,19,2,0.01483046675197,28.28168547937298,16.263541321340824,0.0,15609.0
2025-01-20,0,0,20,0,0.001281499748984,28.395274811578872,15.08959189054383,0.0,19796.0
2025-01-21,1,0,21,0,0.0244251323806565,29.37957307659468,14.511211168641353,0.0,15483.0
2025-01-22,2,0,22,0,0.0231366180969416,29.84608744402567,15.044590283225943,0.0,16530.0
2025-01-23,3,0,23,0,0.0129449951349395,28.661985221024054,15.757376115938598,0.0,14490.0
2025-01-24,4,0,24,0,0.0201801235210367,29.188585285628733,15.751462723941756,0.0,15864.0
2025-01-25,5,0,25,2,0.0017105875544123,30.08606143810601,15.11268744560948,0.0,15182.0
2025-01-26,6,2,26,2,0.006872414985537,30.167514547203268,16.280209315877357,0.0,14081.0
2025-01-27,0,0,27,0,0.0086620431716255,30.159595816794365,16.408165790626413,0.0,16960.0
2025-01-28,1,1,28,0,0.018521096421864,30.105035536937464,16.5771636694667,0.0,14703.0
2025-01-29,2,0,0,0,0.0099506627293521,29.370969618051618,17.351169816966433,0.0,14069.0
2025-01-30,3,0,1,0,0.0064836549427127,29.91479723119397,16.996693303006793,0.0,16186.0
2025-01-31,4,0,2,0,0.0038444990764219,31.06558100966862,17.321515195707207,0.0,16295.0
2025-02-01,5,3,3,2,0.0068604944765127,31.48081973276811,17.904841518345393,0.0,16191.0
2025-02-02,6,3,4,2,0.0240855839592768,31.52180179989637,18.623475257108907,0.0,18081.0
2025-02-03,0,3,5,0,0.0085611707731914,32.27447176438352,17.974095719869126,0.0,18405.0
2025-02-04,1,0,6,0,0.0017225742112714,32.71427550357299,18.21866533467141,0.0,16153.0
2025-02-05,2,0,7,0,0.0034093852718797,32.713873035228005,19.12211642276185,0.0,13970.0
2025-02-06,3,0,8,0,0.0269919622724046,31.99676610259825,19.214191950625263,0.0,15740.0
2025-02-07,4,0,9,0,0.0103786570093689,31.69433473019353,18.86039832117609,0.0,17046.0
2025-02-08,5,0,10,2,0.0004351138045421,31.878593631158424,18.86814988812563,0.0,18035.0
2025-02-09,6,0,11,2,0.0,31.314259076518624,18.817966211010344,0.0,18041.0
2025-02-10,0,0,12,0,0.0192013608663959,31.45494042539701,18.87145419343426,0.0,19101.0
2025-02-11,1,0,13,0,0.0124865908889941,32.25129302913541,19.275916923990337,0.0,15872.0
2025-02-12,2,0,14,0,0.0153496843040557,33.08535768775124,20.231296994870263,0.0,15782.0
2025-02-13,3,0,15,0,0.0207200637305504,32.172920049990694,19.212114035574984,0.0,17235.0
2025-02-14,4,3,16,0,0.0219954015960865,31.2010214774063,18.07513144985376,0.0,18108.0
2025-02-15,5,3,17,2,0.0150291557474702,32.10962089767219,17.9159449594805,0.0,18944.0
2025-02-16,6,3,18,2,0.0365633331034541,32.443692130853265,18.352189633248827,0.0,17848.0
2025-02-17,0,0,19,0,0.0115394690689534,32.66459384391618,18.31811002461984,0.0,19968.0
2025-02-18,1,0,20,0,0.0008523463179699,33.395153507120426,19.548756403494902,0.0,16061.0
2025-02-19,2,0,21,0,0.0,33.49855730755604,20.728965261782548,0.0,15826.0
2025-02-20,3,0,22,0,0.284635845517036,32.3430531706403,20.680015027647983,0.0,16457.0
2025-02-21,4,0,23,0,0.0632079241904897,32.166076357684915,20.84526844959794,0.0,14609.0
2025-02-22,5,0,24,2,0.2655282541788102,32.00485815883604,20.31059975868368,0.0,17019.0
2025-02-23,6,0,25,2,0.0304293517119644,32.73090975744532,19.77934650030477,0.0,17234.0
2025-02-24,0,0,26,0,0.0098677548159287,32.397903683299035,18.947243548563502,0.0,17489.0
2025-02-25,1,0,27,0,0.0166279711885731,31.431248650256634,19.180842395114155,0.0,15672.0
2025-02-26,2,2,28,2,0.0103075298791314,31.789893884349,18.842010089575183,0.0,13712.0
2025-02-27,3,0,29,0,0.0017122879967246,31.89916799569056,19.336221379924663,0.0,14272.0
2025-02-28,4,0,0,0,0.0196934044538465,32.059042694069944,19.700037382932067,0.0,16041.0
